Season,Date,HomeTeam,AwayTeam,Bet_Type,Odds,P_Model,EV,Won,Flat_Stake,Flat_Profit,Kelly_Stake,Kelly_Profit,Flat_BK,Kelly_BK
2012,2012-08-18,Mallorca,Espanol,1,2.0,0.5731254855226081,0.14625097104521623,True,10.0,10.0,36.56274276130406,36.56274276130406,1010.0,1036.562742761304
2012,2012-08-20,Vallecano,Granada,1,2.2,0.5512315550527297,0.21270942111600544,True,10.0,12.000000000000002,44.31446273250113,53.17735527900136,1022.0,1089.7400980403054
2012,2012-08-20,Zaragoza,Valladolid,1,2.15,0.4904089172684129,0.05437917212708765,False,10.0,-10.0,11.821559158062534,-11.821559158062534,1012.0,1077.918538882243
2012,2012-08-27,Valladolid,Levante,1,2.05,0.5518775368836734,0.13134895061153018,True,10.0,10.499999999999998,31.273559669411956,32.83723765288255,1022.5,1110.7557765351255
2012,2012-09-01,Mallorca,Sociedad,1,2.1,0.5333335139650871,0.12000037932668306,True,10.0,11.0,27.272813483337057,30.000094831670765,1033.5,1140.755871366796
2012,2012-09-02,Ath Bilbao,Valladolid,1,2.0,0.5341207850042107,0.06824157000842135,True,10.0,10.0,17.060392502105337,17.060392502105337,1043.5,1157.8162638689016
2012,2012-09-02,Levante,Espanol,1,2.2,0.5546137341934846,0.22015021522566625,True,10.0,12.000000000000002,45.864628172013795,55.03755380641656,1055.5,1212.8538176753182
2012,2012-09-16,Espanol,Ath Bilbao,1,2.2,0.4917848521192729,0.08192667466240056,False,10.0,-10.0,17.068057221333447,-17.068057221333447,1045.5,1195.7857604539847
2012,2012-09-16,Osasuna,Mallorca,1,2.2,0.5578937321350418,0.22736621069709195,False,10.0,-10.0,47.36796056189415,-47.36796056189415,1035.5,1148.4177998920904
2012,2012-09-17,Valladolid,Betis,1,2.1,0.51596493214603,0.08352635750666315,False,10.0,-10.0,18.983263069696168,-18.983263069696168,1025.5,1129.4345368223944
2012,2012-09-22,Zaragoza,Osasuna,1,2.25,0.5088613759580667,0.1449380959056501,True,10.0,12.5,28.98761918113002,36.234523976412525,1038.0,1165.6690607988069
2012,2012-09-23,Ath Bilbao,Malaga,1,2.2,0.5182584457708447,0.14016858069585836,False,10.0,-10.0,29.201787644970487,-29.201787644970487,1028.0,1136.4672731538365
2012,2012-09-29,Sociedad,Ath Bilbao,1,2.3,0.5553694821259092,0.27734980888959115,True,10.0,12.999999999999998,50.0,64.99999999999999,1041.0,1201.4672731538362
2012,2012-09-30,Granada,Celta,1,2.3,0.4880140899086692,0.12243240678993894,True,10.0,12.999999999999998,23.544693613449798,30.608101697484734,1054.0,1232.0753748513212
2012,2012-10-01,Getafe,Mallorca,1,2.1,0.5987940655008744,0.25746753755183627,True,10.0,11.0,50.0,55.00000000000001,1065.0,1287.0753748513212
2012,2012-10-06,Vallecano,La Coruna,1,2.3,0.459279594526735,0.05634306741149042,True,10.0,12.999999999999998,10.835205271440469,14.085766852872608,1078.0,1301.1611417041936
2012,2012-10-28,Levante,Granada,1,2.0,0.5488858358145389,0.09777167162907774,True,10.0,10.0,24.442917907269436,24.442917907269436,1088.0,1325.604059611463
2012,2012-11-03,Valencia,Ath Madrid,1,2.4,0.49729794872022204,0.19351507692853276,True,10.0,14.0,34.556263737238,48.378769232133195,1102.0,1373.9828288435963
2012,2012-11-10,Vallecano,Celta,1,2.38,0.49562328993490784,0.1795834300450807,True,10.0,13.799999999999999,32.53323008063057,44.89585751127018,1115.8,1418.8786863548667
2012,2012-11-11,Ath Bilbao,Sevilla,1,2.38,0.5105390845506823,0.21508302123062384,True,10.0,13.799999999999999,38.96431544033041,53.77075530765596,1129.6,1472.6494416625226
2012,2012-11-24,Vallecano,Mallorca,1,2.1,0.5873096570233808,0.2333502797490996,True,10.0,11.0,50.0,55.00000000000001,1140.6,1527.6494416625226
2012,2012-11-24,Malaga,Valencia,1,2.1,0.5099874929279069,0.07097373514860461,True,10.0,11.0,16.13039435195559,17.74343378715115,1151.6,1545.3928754496737
2012,2012-12-02,La Coruna,Betis,1,2.1,0.522107558295668,0.09642587242090284,False,10.0,-10.0,21.914971004750644,-21.914971004750644,1141.6,1523.477904444923
2012,2012-12-10,Vallecano,Zaragoza,1,2.25,0.50202859234711,0.12956433278099744,False,10.0,-10.0,25.91286655619949,-25.91286655619949,1131.6,1497.5650378887235
2012,2012-12-15,Sevilla,Malaga,1,2.1,0.5043939185174482,0.05922722888664134,False,10.0,-10.0,13.46073383787303,-13.46073383787303,1121.6,1484.1043040508505
2012,2012-12-15,Mallorca,Ath Bilbao,1,2.4,0.4837202354276289,0.16092856502630926,False,10.0,-10.0,28.737243754698085,-28.737243754698085,1111.6,1455.3670602961524
2012,2012-12-15,Granada,Sociedad,1,2.4,0.524741633362903,0.2593799200709672,False,10.0,-10.0,46.31784286981558,-46.31784286981558,1101.6,1409.0492174263368
2012,2012-12-17,La Coruna,Valladolid,1,2.2,0.5327457809678173,0.1720407181291983,False,10.0,-10.0,35.841816276916305,-35.841816276916305,1091.6,1373.2074011494205
2012,2012-12-20,Vallecano,Levante,1,2.25,0.5402733860370108,0.21561511858327442,True,10.0,12.5,43.123023716654885,53.9037796458186,1104.1,1427.111180795239
2012,2012-12-20,Sociedad,Sevilla,1,2.38,0.47879383028975964,0.13952931608962782,True,10.0,13.799999999999999,25.277050016236927,34.88232902240696,1117.9,1461.993509817646
2012,2013-01-04,Zaragoza,Betis,1,2.2,0.4818399498376768,0.060047889642889096,False,10.0,-10.0,12.509977008935227,-12.509977008935227,1107.9,1449.4835328087108
2012,2013-01-07,Vallecano,Getafe,1,2.2,0.5038287025655924,0.10842314564430344,True,10.0,12.000000000000002,22.588155342563212,27.105786411075858,1119.9,1476.5893192197868
2012,2013-01-12,Espanol,Celta,1,2.25,0.47364553032760415,0.06570244323710939,True,10.0,12.5,13.140488647421877,16.425610809277348,1132.4,1493.014930029064
2012,2013-01-12,Valencia,Sevilla,1,2.1,0.5481895887393331,0.1511981363525996,True,10.0,11.0,34.363212807409,37.799534088149905,1143.4,1530.814464117214
2012,2013-01-12,Valladolid,Mallorca,1,2.0,0.5327457809678173,0.06549156193563466,True,10.0,10.0,16.372890483908662,16.372890483908662,1153.4,1547.1873546011227
2012,2013-01-18,Espanol,Mallorca,1,2.0,0.5574032674733639,0.11480653494672777,True,10.0,10.0,28.70163373668194,28.70163373668194,1163.4,1575.8889883378047
2012,2013-01-19,Granada,Vallecano,1,2.15,0.5477423669215318,0.17764608888129318,True,10.0,11.5,38.61871497419418,44.4115222203233,1174.9,1620.3005105581278
2012,2013-01-20,Valencia,Real Madrid,2,1.75,0.8174174205093507,0.4304804858913638,True,10.0,7.5,50.0,37.5,1182.4,1657.8005105581278
2012,2013-01-20,Valladolid,Zaragoza,1,2.0,0.5475661108076336,0.09513222161526724,True,10.0,10.0,23.78305540381681,23.78305540381681,1192.4,1681.5835659619447
2012,2013-01-26,Levante,Valladolid,1,2.0,0.5789657459445049,0.1579314918890098,True,10.0,10.0,39.482872972252444,39.482872972252444,1202.4,1721.0664389341973
2012,2013-01-26,Celta,Sociedad,1,2.2,0.5388870687292149,0.1855515512042729,False,10.0,-10.0,38.65657316755685,-38.65657316755685,1192.4,1682.4098657666405
2012,2013-01-27,Vallecano,Betis,1,2.25,0.5299107330092574,0.19229914927082925,True,10.0,12.5,38.45982985416585,48.074787317707305,1204.9,1730.4846530843477
2012,2013-02-02,Espanol,Levante,1,2.1,0.5865928611488823,0.23184500841265288,True,10.0,11.0,50.0,55.00000000000001,1215.9,1785.4846530843477
2012,2013-02-02,Osasuna,Celta,1,2.0,0.5275865921880275,0.05517318437605501,True,10.0,10.0,13.793296094013751,13.793296094013751,1225.9,1799.2779491783613
2012,2013-02-10,Zaragoza,Sociedad,1,2.4,0.45371607238155337,0.08891857371572809,False,10.0,-10.0,15.878316734951447,-15.878316734951447,1215.9,1783.39963244341
2012,2013-02-17,Espanol,Betis,1,2.0,0.5327457809678173,0.06549156193563466,True,10.0,10.0,16.372890483908662,16.372890483908662,1225.9,1799.7725229273187
2012,2013-02-22,Ath Bilbao,Sociedad,1,2.25,0.5608622678334556,0.261940102625275,False,10.0,-10.0,50.0,-50.0,1215.9,1749.7725229273187
2012,2013-02-23,Mallorca,Getafe,1,2.2,0.5238545594220017,0.15248003072840377,False,10.0,-10.0,31.766673068417447,-31.766673068417447,1205.9,1718.0058498589012
2012,2013-03-02,La Coruna,Vallecano,1,2.3,0.5312923805328494,0.22197247522555363,False,10.0,-10.0,42.68701446645263,-42.68701446645263,1195.9,1675.3188353924486
2012,2013-03-02,Osasuna,Ath Bilbao,1,2.3,0.4896907008811768,0.1262886120267066,False,10.0,-10.0,24.286271543597426,-24.286271543597426,1185.9,1651.0325638488512
2012,2013-03-03,Granada,Mallorca,1,2.05,0.5669537731019738,0.16225523485904625,False,10.0,-10.0,38.632198775963396,-38.632198775963396,1175.9,1612.4003650728878
2012,2013-03-16,Getafe,Ath Bilbao,1,2.3,0.5491977697052749,0.26315487032213225,True,10.0,12.999999999999998,50.0,64.99999999999999,1188.9,1677.4003650728878
2012,2013-03-31,Valladolid,Osasuna,1,2.1,0.5353040340309,0.1241384714648901,False,10.0,-10.0,28.213288969293203,-28.213288969293203,1178.9,1649.1870761035946
2012,2013-04-05,Granada,Betis,1,2.3,0.5606455755035934,0.2894848236582648,False,10.0,-10.0,50.0,-50.0,1168.9,1599.1870761035946
2012,2013-04-07,Osasuna,Espanol,1,2.0,0.5315480947159924,0.0630961894319848,False,10.0,-10.0,15.774047357996201,-15.774047357996201,1158.9,1583.4130287455982
2012,2013-04-13,Malaga,Osasuna,1,2.0,0.5314280528726175,0.06285610574523504,True,10.0,10.0,15.714026436308759,15.714026436308759,1168.9,1599.127055181907
2012,2013-04-13,Levante,La Coruna,1,2.2,0.489865401460863,0.07770388321389876,False,10.0,-10.0,16.188309002895576,-16.188309002895576,1158.9,1582.9387461790116
2012,2013-04-13,Valladolid,Getafe,1,2.3,0.5144804430912906,0.18330501910996833,True,10.0,12.999999999999998,35.25096521345545,45.82625477749208,1171.9,1628.7650009565036
2012,2013-04-21,Getafe,Espanol,1,2.2,0.51596493214603,0.13512285072126606,False,10.0,-10.0,28.150593900263758,-28.150593900263758,1161.9,1600.61440705624
2012,2013-04-27,Levante,Celta,1,2.05,0.5171145181585256,0.060084762224977384,False,10.0,-10.0,14.30589576785176,-14.30589576785176,1151.9,1586.3085112883882
2012,2013-05-12,Ath Madrid,Barcelona,2,1.91,0.6712192140473324,0.2820286988304048,True,10.0,9.1,50.0,45.49999999999999,1161.0,1631.8085112883882
2012,2013-05-26,Osasuna,Sevilla,1,2.38,0.4967668033130708,0.1823049918851085,True,10.0,13.799999999999999,33.02626664585299,45.57624797127713,1174.8,1677.3847592596653
2012,2013-05-26,Malaga,La Coruna,1,2.38,0.5315480947159924,0.26508446542406183,True,10.0,13.799999999999999,48.02254808406917,66.27111635601545,1188.6,1743.6558756156805
2012,2013-05-26,Getafe,Vallecano,1,2.1,0.5440982165031926,0.1426062546567044,False,10.0,-10.0,32.41051242197827,-32.41051242197827,1178.6,1711.2453631937024
2012,2013-06-01,Zaragoza,Ath Madrid,1,2.2,0.48209623459732365,0.0606117161141122,False,10.0,-10.0,12.627440857106707,-12.627440857106707,1168.6,1698.6179223365957
2013,2013-08-17,Valencia,Malaga,1,1.53,0.7950407504539382,0.21641234819452548,True,10.0,5.300000000000001,50.0,26.5,1173.9,1725.1179223365957
2013,2013-08-18,Osasuna,Granada,1,2.0,0.5260330291666059,0.05206605833321176,False,10.0,-10.0,13.016514583302941,-13.016514583302941,1163.9,1712.1014077532927
2013,2013-08-19,Celta,Espanol,1,2.2,0.5828733781444994,0.2823214319178986,False,10.0,-10.0,50.0,-50.0,1153.9,1662.1014077532927
2013,2013-08-31,Valladolid,Getafe,1,2.1,0.541428226292379,0.1369992752139959,True,10.0,11.0,31.136198912271794,34.249818803498975,1164.9,1696.3512265567915
2013,2013-09-01,Sevilla,Malaga,1,1.62,0.7132243762019644,0.15542348944718243,False,10.0,-10.0,50.0,-50.0,1154.9,1646.3512265567915
2013,2013-09-01,Espanol,Betis,1,2.05,0.5336457119567832,0.09397370951140549,False,10.0,-10.0,22.374692740810833,-22.374692740810833,1144.9,1623.976533815981
2013,2013-09-15,Granada,Espanol,1,2.4,0.4634581425862858,0.11229954220708582,False,10.0,-10.0,20.05348967983676,-20.05348967983676,1134.9,1603.9230441361442
2013,2013-09-26,Getafe,Celta,1,2.1,0.5325300965254557,0.11831320270345702,True,10.0,11.0,26.889364250785682,29.578300675864252,1145.9,1633.5013448120085
2013,2013-09-28,Real Madrid,Ath Madrid,1,1.62,0.7445887807911138,0.20623382488160447,False,10.0,-10.0,50.0,-50.0,1135.9,1583.5013448120085
2013,2013-09-28,Sociedad,Sevilla,1,2.2,0.5125568566497488,0.12762508462944755,False,10.0,-10.0,26.58855929780157,-26.58855929780157,1125.9,1556.912785514207
2013,2013-10-06,Getafe,Betis,1,2.4,0.47662041649446024,0.14388899958670454,True,10.0,14.0,25.694464211911527,35.97224989667613,1139.9,1592.885035410883
2013,2013-10-26,Levante,Espanol,1,2.4,0.5314414969574396,0.2754595926978549,True,10.0,14.0,49.18921298175981,68.86489817446373,1153.9,1661.7499335853468
2013,2013-10-30,Osasuna,Vallecano,1,2.1,0.503035439930775,0.05637442385462754,True,10.0,11.0,12.812369057869896,14.093605963656886,1164.9,1675.8435395490035
2013,2013-11-08,Granada,Malaga,1,2.3,0.6838140407199678,0.5727722936559256,True,10.0,12.999999999999998,50.0,64.99999999999999,1177.9,1740.8435395490035
2013,2013-11-10,Espanol,Sevilla,1,2.38,0.5026545318153323,0.19631778572049075,False,10.0,-10.0,35.564816253712095,-35.564816253712095,1167.9,1705.2787232952915
2013,2013-11-24,Vallecano,Espanol,1,2.4,0.5381051650995726,0.29145239623897434,False,10.0,-10.0,50.0,-50.0,1157.9,1655.2787232952915
2014,2014-08-31,Elche,Granada,1,2.2,0.48579750822167184,0.06875451808767807,False,10.0,-10.0,14.32385793493293,-14.32385793493293,1147.9,1640.9548653603583
2014,2014-09-20,Ath Madrid,Celta,1,1.44,0.8039024481283734,0.15761952530485757,False,10.0,-10.0,50.0,-50.0,1137.9,1590.9548653603583
2014,2014-10-05,Celta,Villarreal,1,2.38,0.4713278431849211,0.12176026678011209,False,10.0,-10.0,22.058019344223208,-22.058019344223208,1127.9,1568.8968460161352
2014,2014-10-17,Granada,Vallecano,1,2.2,0.4796752543172101,0.05528555949786229,False,10.0,-10.0,11.517824895387974,-11.517824895387974,1117.9,1557.3790211207472
2014,2014-10-26,Sevilla,Villarreal,1,2.0,0.570190703919811,0.14038140783962194,True,10.0,10.0,35.095351959905486,35.095351959905486,1127.9,1592.4743730806526
2014,2014-10-31,La Coruna,Getafe,1,2.2,0.5288878571884671,0.1635532858146278,False,10.0,-10.0,34.07360121138079,-34.07360121138079,1117.9,1558.400771869272
2014,2014-11-02,Levante,Almeria,1,2.4,0.49333558449053244,0.18400540277727773,True,10.0,14.0,32.858107638799595,46.00135069431943,1131.9,1604.402122563591
2014,2014-11-02,Ath Bilbao,Sevilla,1,2.4,0.5050761716434402,0.21218281194425637,True,10.0,14.0,37.88978784718864,53.0457029860641,1145.9,1657.4478255496554
2014,2014-11-07,Cordoba,La Coruna,1,2.25,0.47891074339816536,0.07754917264587213,False,10.0,-10.0,15.509834529174427,-15.509834529174427,1135.9,1641.937991020481
2014,2014-11-09,Valencia,Ath Bilbao,1,1.62,0.6765052676585558,0.09593853360686055,False,10.0,-10.0,38.684892583411504,-38.684892583411504,1125.9,1603.2530984370694
2014,2014-12-13,Valencia,Vallecano,1,1.5,0.7322962259464587,0.09844433891968807,True,10.0,5.0,49.22216945984403,24.611084729922016,1130.9,1627.8641831669916
2014,2014-12-13,Malaga,Celta,1,2.1,0.5081336832771016,0.06708073488191335,True,10.0,11.0,15.245621564071214,16.770183720478336,1141.9,1644.6343668874697
2014,2014-12-14,Ath Madrid,Villarreal,1,1.62,0.6633255073936025,0.07458732197763607,False,10.0,-10.0,30.075533055498408,-30.075533055498408,1131.9,1614.5588338319712
2014,2014-12-15,La Coruna,Elche,1,2.25,0.4839707540799518,0.08893419667989155,True,10.0,12.5,17.78683933597831,22.23354916997289,1144.4,1636.7923830019442
2014,2014-12-20,Vallecano,Espanol,1,2.3,0.5213911035660587,0.19919953820193492,False,10.0,-10.0,38.30760350037211,-38.30760350037211,1134.4,1598.4847795015721
2015,2015-08-30,Valencia,La Coruna,1,1.44,0.9378411265217745,0.3504912221913552,False,10.0,-10.0,50.0,-50.0,1124.4,1548.4847795015721
2015,2015-09-19,Valencia,Betis,1,1.5,0.7692012104130076,0.15380181561951134,False,10.0,-10.0,50.0,-50.0,1114.4,1498.4847795015721
2015,2015-09-22,Granada,Sociedad,1,2.4,0.4391061726452243,0.05385481434853823,False,10.0,-10.0,9.61693113366754,-9.61693113366754,1104.4,1488.8678483679046
2015,2015-09-27,Sociedad,Ath Bilbao,1,2.4,0.49027679956778103,0.17666431896267443,False,10.0,-10.0,31.54719981476329,-31.54719981476329,1094.4,1457.3206485531414
2015,2015-10-03,Espanol,Sp Gijon,1,2.0,0.6395870387742901,0.27917407754858026,False,10.0,-10.0,50.0,-50.0,1084.4,1407.3206485531414
2015,2015-10-03,Malaga,Sociedad,1,2.38,0.462105796997401,0.09981179685381436,True,10.0,13.799999999999999,18.08184725612579,24.95294921345359,1098.2,1432.2735977665948
2015,2015-10-17,Valencia,Malaga,1,1.62,0.701049592641426,0.13570034007911014,True,10.0,6.200000000000001,50.0,31.000000000000007,1104.4,1463.2735977665948
2015,2015-10-18,Villarreal,Celta,1,2.0,0.6364775393441221,0.2729550786882442,False,10.0,-10.0,50.0,-50.0,1094.4,1413.2735977665948
2015,2015-10-19,Sp Gijon,Granada,1,2.0,0.5330031284662704,0.06600625693254081,False,10.0,-10.0,16.501564233135202,-16.501564233135202,1084.4,1396.7720335334598
2015,2015-10-24,Celta,Real Madrid,2,1.91,0.6669197696008896,0.27381675993769905,True,10.0,9.1,50.0,45.49999999999999,1093.5,1442.2720335334598
2015,2015-10-24,Granada,Betis,1,2.3,0.5568326259872712,0.28071503977072365,False,10.0,-10.0,50.0,-50.0,1083.5,1392.2720335334598
2015,2015-10-24,Sevilla,Getafe,1,1.44,0.7367515941352699,0.060922295554788564,True,10.0,4.3999999999999995,34.61494065612987,15.23057388869714,1087.9,1407.5026074221569
2015,2015-10-31,Valencia,Levante,1,1.44,0.8529364540739124,0.22822849386643385,True,10.0,4.3999999999999995,50.0,21.999999999999996,1092.3,1429.5026074221569
2015,2015-11-21,Valencia,Las Palmas,1,1.44,0.9099367429110786,0.31030890979195314,False,10.0,-10.0,50.0,-50.0,1082.3,1379.5026074221569
2015,2015-11-21,Espanol,Malaga,1,2.4,0.4469765024061758,0.07274360577482186,True,10.0,14.0,12.989929602646761,18.185901443705465,1096.3,1397.6885088658623
2016,2016-08-26,Betis,La Coruna,1,2.2,0.48113811744194673,0.058503858372283,False,10.0,-10.0,12.188303827558956,-12.188303827558956,1086.3,1385.5002050383032
2016,2016-08-28,Alaves,Sp Gijon,1,2.15,0.5321512836292043,0.14412525980278912,False,10.0,-10.0,31.331578217997638,-31.331578217997638,1076.3,1354.1686268203057
2016,2016-09-09,Sociedad,Espanol,1,2.05,0.6427862790291803,0.31771187200981954,False,10.0,-10.0,50.0,-50.0,1066.3,1304.1686268203057
2016,2016-09-10,Malaga,Villarreal,1,2.3,0.4635887793475762,0.0662541924994251,False,10.0,-10.0,12.74119086527406,-12.74119086527406,1056.3,1291.4274359550316
2016,2016-09-11,Granada,Eibar,1,2.15,0.5035197704007364,0.08256750636158317,False,10.0,-10.0,17.949457904691993,-17.949457904691993,1046.3,1273.4779780503395
2016,2016-09-17,Las Palmas,Malaga,1,2.3,0.4732902355137733,0.08856754168167846,True,10.0,12.999999999999998,17.032219554168936,22.141885420419612,1059.3,1295.6198634707594
2016,2016-09-19,Alaves,La Coruna,1,2.3,0.5171227720731325,0.1893823757682047,False,10.0,-10.0,36.41968764773168,-36.41968764773168,1049.3,1259.2001758230276
2016,2016-10-01,Granada,Leganes,1,2.45,0.48232663420568916,0.1817002538039385,False,10.0,-10.0,31.32762996619629,-31.32762996619629,1039.3,1227.8725458568313
2016,2016-10-02,Malaga,Ath Bilbao,1,2.45,0.536967556033845,0.31557051228292043,True,10.0,14.500000000000002,50.0,72.50000000000001,1053.8,1300.3725458568313
2016,2016-10-22,Granada,Sp Gijon,1,2.1,0.5447501766685192,0.14397537100389046,False,10.0,-10.0,32.721675228156926,-32.721675228156926,1043.8,1267.6508706286743
2016,2016-10-23,Sevilla,Ath Madrid,2,1.95,0.6121944063621612,0.19377909240621416,False,10.0,-10.0,50.0,-50.0,1033.8,1217.6508706286743
2016,2016-10-23,Villarreal,Las Palmas,1,1.67,0.692492574747217,0.15646259982785238,True,10.0,6.699999999999999,50.0,33.5,1040.5,1251.1508706286743
2016,2016-10-30,Betis,Espanol,1,2.25,0.517329445080144,0.1639912514303239,False,10.0,-10.0,32.79825028606478,-32.79825028606478,1030.5,1218.3526203426095
2016,2016-11-06,Celta,Valencia,1,2.25,0.4907138212685931,0.10410609785433445,True,10.0,12.5,20.82121957086689,26.026524463583613,1043.0,1244.3791448061932
2016,2016-11-18,Betis,Las Palmas,1,2.35,0.5215838174236535,0.22572197094558555,True,10.0,13.5,41.800364989923246,56.43049273639639,1056.5,1300.8096375425896
2017,2017-09-19,Valencia,Malaga,1,1.5,0.7922612793975591,0.18839191909633857,True,10.0,5.0,50.0,25.0,1061.5,1325.8096375425896
2017,2017-09-24,Las Palmas,Leganes,1,2.05,0.5183875705482814,0.06269451962397676,False,10.0,-10.0,14.927266577137328,-14.927266577137328,1051.5,1310.882370965452
2017,2017-09-30,La Coruna,Getafe,1,2.25,0.49699213789671015,0.11823231026759773,True,10.0,12.5,23.646462053519546,29.55807756689943,1064.0,1340.4404485323516
2017,2017-10-21,Levante,Getafe,1,2.37,0.4553741796864242,0.07923680585682535,False,10.0,-10.0,14.45927114175645,-14.45927114175645,1054.0,1325.9811773905951
2017,2017-10-30,Espanol,Betis,1,2.14,0.5242816883110129,0.12196281298556766,True,10.0,11.400000000000002,26.74623091788764,30.490703246391913,1065.4,1356.471880636987
2017,2017-11-04,Valencia,Leganes,1,1.5,0.7627655394016593,0.14414830910248888,True,10.0,5.0,50.0,25.0,1070.4,1381.471880636987
2017,2017-11-05,Sociedad,Eibar,1,1.61,0.6941920329791458,0.11764917309642486,True,10.0,6.100000000000001,48.21687421984625,29.412293274106215,1076.5,1410.8841739110933
2017,2017-11-05,Villarreal,Malaga,1,1.53,0.7169373399120756,0.09691413006547567,True,10.0,5.300000000000001,45.714212295035686,24.228532516368915,1081.8,1435.1127064274622
2017,2017-11-19,Malaga,La Coruna,1,2.37,0.4446252746451969,0.05376190090911681,True,10.0,13.700000000000001,9.810565859327886,13.440475227279205,1095.5,1448.5531816547414
2017,2017-11-26,Villarreal,Sevilla,1,2.37,0.45461024132920197,0.07742627195020879,False,10.0,-10.0,14.12888174273883,-14.12888174273883,1085.5,1434.4242999120024
2017,2017-11-27,Espanol,Getafe,1,2.0,0.5651569612676849,0.13031392253536977,True,10.0,10.0,32.578480633842446,32.578480633842446,1095.5,1467.0027805458449
2017,2017-12-03,Las Palmas,Betis,1,2.2,0.48172759244392244,0.05980070337662946,True,10.0,12.000000000000002,12.458479870131136,14.950175844157364,1107.5,1481.9529563900023
2017,2017-12-09,La Coruna,Leganes,1,2.37,0.4787263047088626,0.1345813421600044,True,10.0,13.700000000000001,24.558639080292767,33.64533554000109,1121.2,1515.5982919300034
2017,2017-12-16,Ath Bilbao,Sociedad,1,2.14,0.6833155177463809,0.4622952079772551,False,10.0,-10.0,50.0,-50.0,1111.2,1465.5982919300034
2017,2017-12-20,Sociedad,Sevilla,1,2.25,0.4847239625679553,0.09062891577789944,True,10.0,12.5,18.12578315557989,22.65722894447486,1123.7,1488.2555208744782
2017,2018-01-07,Ath Bilbao,Alaves,1,1.66,0.6752854409404363,0.12097383196112421,True,10.0,6.6,45.82342119739554,30.24345799028105,1130.3,1518.4989788647592
2017,2018-01-15,Betis,Leganes,1,2.25,0.47125887334879296,0.060332465034784066,True,10.0,12.5,12.066493006956813,15.083116258696016,1142.8,1533.5820951234552
2017,2018-01-20,Villarreal,Levante,1,1.44,0.7366715220607482,0.06080699176747739,True,10.0,4.3999999999999995,34.54942714061216,15.201747941869348,1147.2,1548.7838430653246
2017,2018-01-27,La Coruna,Levante,1,2.0,0.5341794409169959,0.06835888183399175,False,10.0,-10.0,17.089720458497936,-17.089720458497936,1137.2,1531.6941226068266
2017,2018-01-27,Villarreal,Sociedad,1,2.04,0.5208790417299602,0.0625932451291189,True,10.0,10.4,15.046453156038197,15.648311282279726,1147.6000000000001,1547.3424338891064
2017,2018-02-04,Girona,Ath Bilbao,1,2.39,0.44907165791158105,0.07328126240867872,True,10.0,13.900000000000002,13.180083167028544,18.32031560216968,1161.5,1565.662749491276
2017,2018-02-05,Las Palmas,Malaga,1,2.25,0.5580919227472374,0.25570682618128426,True,10.0,12.5,50.0,62.5,1174.0,1628.162749491276
2017,2018-02-10,Villarreal,Alaves,1,1.66,0.6373313849751915,0.05797009905881789,False,10.0,-10.0,21.958370855612838,-21.958370855612838,1164.0,1606.204378635663
2017,2018-02-11,Valencia,Levante,1,1.5,0.8604356611813371,0.2906534917720056,True,10.0,5.0,50.0,25.0,1169.0,1631.204378635663
2017,2018-03-31,Ath Bilbao,Celta,1,2.04,0.6119416623942351,0.2483609912842395,False,10.0,-10.0,50.0,-50.0,1159.0,1581.204378635663
2017,2018-04-06,La Coruna,Malaga,1,2.04,0.5531484901814844,0.12842291997022826,True,10.0,10.4,30.870894223612563,32.105729992557066,1169.4,1613.3101086282202
2017,2018-04-07,Betis,Eibar,1,2.25,0.536058369873168,0.2061313322146281,True,10.0,12.5,41.22626644292562,51.53283305365703,1181.9,1664.8429416818772
2017,2018-04-07,Alaves,Getafe,1,2.45,0.4712195787292505,0.15448796788666397,True,10.0,14.500000000000002,26.63585653218344,38.62199197166599,1196.4,1703.464933653543
2017,2018-04-18,Valencia,Getafe,1,1.44,0.7842651512077067,0.12934181773909748,False,10.0,-10.0,50.0,-50.0,1186.4,1653.464933653543
2017,2018-04-18,Espanol,Eibar,1,2.29,0.518785415805584,0.1880186021947874,False,10.0,-10.0,36.437713603640965,-36.437713603640965,1176.4,1617.027220049902
2017,2018-04-20,Leganes,La Coruna,1,2.29,0.4595290292238394,0.05232147692259237,False,10.0,-10.0,10.139821109029528,-10.139821109029528,1166.4,1606.8873989408726
2017,2018-04-22,Girona,Espanol,1,2.14,0.5181112289114297,0.10875802987045957,False,10.0,-10.0,23.850445147030605,-23.850445147030605,1156.4,1583.036953793842
2017,2018-04-29,Valencia,Eibar,1,1.5,0.7204724097916939,0.08070861468754087,False,10.0,-10.0,40.35430734377044,-40.35430734377044,1146.4,1542.6826464500716
2017,2018-05-04,Sevilla,Sociedad,1,2.1,0.5008295776206698,0.05174211300340659,True,10.0,11.0,11.75957113713786,12.935528250851647,1157.4,1555.6181747009232
2017,2018-05-05,Girona,Eibar,1,2.1,0.5017117499070898,0.053594674804888554,False,10.0,-10.0,12.180607910201942,-12.180607910201942,1147.4,1543.4375667907213
2017,2018-05-05,Ath Bilbao,Betis,1,2.25,0.4688120479916705,0.05482710798125856,True,10.0,12.5,10.965421596251712,13.706776995314641,1159.9,1557.144343786036
2017,2018-05-06,Malaga,Alaves,1,2.39,0.44154866736901166,0.05530131501193791,False,10.0,-10.0,9.9462796784061,-9.9462796784061,1149.9,1547.1980641076298
2017,2018-05-09,Sevilla,Real Madrid,1,2.45,0.46444837545664575,0.1378985198687821,True,10.0,14.500000000000002,23.775606873927945,34.474629967195526,1164.4,1581.6726940748254
2017,2018-05-20,Ath Madrid,Eibar,1,1.61,0.6919448418587794,0.11403119539263473,False,10.0,-10.0,46.73409647239127,-46.73409647239127,1154.4,1534.9385976024341
2018,2018-08-27,Levante,Celta,1,2.4,0.5210452451821996,0.2505085884372791,False,10.0,-10.0,44.73367650665698,-44.73367650665698,1144.4,1490.204921095777
2018,2018-09-22,Getafe,Ath Madrid,2,1.8,0.6052606888195622,0.08946923987521194,True,10.0,8.0,27.95913746100373,22.367309968802985,1152.4,1512.5722310645801
2018,2018-09-23,Betis,Ath Bilbao,1,2.14,0.6108561627890036,0.30723218836846766,False,10.0,-10.0,50.0,-50.0,1142.4,1462.5722310645801
2018,2018-09-30,Betis,Leganes,1,1.64,0.6834686187750597,0.12088853479109796,True,10.0,6.399999999999999,47.222083902772646,30.22213369777449,1148.8000000000002,1492.7943647623547
2018,2018-10-20,Valencia,Leganes,1,1.5,0.753795588130937,0.13069338219640558,False,10.0,-10.0,50.0,-50.0,1138.8000000000002,1442.7943647623547
2018,2018-10-21,Betis,Valladolid,1,1.61,0.7235992091188409,0.16499472668133386,False,10.0,-10.0,50.0,-50.0,1128.8000000000002,1392.7943647623547
2018,2018-10-27,Celta,Eibar,1,2.14,0.5431053464443787,0.1622454413909704,True,10.0,11.400000000000002,35.58014065591456,40.56136034774261,1140.2,1433.3557251100972
2018,2018-11-05,Espanol,Ath Bilbao,1,2.0,0.6056875905593899,0.21137518111877984,True,10.0,10.0,50.0,50.0,1150.2,1483.3557251100972
2018,2018-11-10,Ath Madrid,Ath Bilbao,1,1.44,0.8292962932104558,0.19418666222305636,True,10.0,4.3999999999999995,50.0,21.999999999999996,1154.6000000000001,1505.3557251100972
2018,2018-12-01,Getafe,Espanol,1,2.4,0.4405196697944189,0.05724720750660528,True,10.0,14.0,10.222715626179514,14.31180187665132,1168.6000000000001,1519.6675269867487
2018,2018-12-02,Girona,Ath Madrid,2,1.75,0.6037581565677004,0.056576773993475715,False,10.0,-10.0,18.858924664491905,-18.858924664491905,1158.6000000000001,1500.8086023222568
2018,2018-12-15,Valladolid,Ath Madrid,2,1.72,0.6222375698296044,0.07024862010691968,True,10.0,7.199999999999999,24.391881981569334,17.56215502672992,1165.8000000000002,1518.3707573489867
2018,2018-12-23,Valencia,Huesca,1,1.4,0.8210389572535401,0.14945454015495607,True,10.0,3.999999999999999,50.0,19.999999999999996,1169.8000000000002,1538.3707573489867
2018,2019-01-04,Espanol,Leganes,1,2.0,0.54483466768798,0.08966933537595989,True,10.0,10.0,22.417333843989972,22.417333843989972,1179.8000000000002,1560.7880911929765
2018,2019-01-07,Celta,Ath Bilbao,1,2.4,0.5548901888321716,0.3317364531972118,False,10.0,-10.0,50.0,-50.0,1169.8000000000002,1510.7880911929765
2018,2019-01-12,Villarreal,Getafe,1,2.15,0.503798694574921,0.08316719333608003,False,10.0,-10.0,18.079824638278268,-18.079824638278268,1159.8000000000002,1492.7082665546982
2018,2019-01-20,Villarreal,Ath Bilbao,1,2.2,0.523027250552019,0.15065995121444198,False,10.0,-10.0,31.387489836342077,-31.387489836342077,1149.8000000000002,1461.3207767183562
2018,2019-01-27,Valladolid,Celta,1,2.4,0.44385992695514037,0.06526382469233694,True,10.0,14.0,11.654254409345883,16.315956173084235,1163.8000000000002,1477.6367328914405
2018,2019-01-28,Alaves,Vallecano,1,2.15,0.5504728321653216,0.18351658915544133,False,10.0,-10.0,39.89491068596551,-39.89491068596551,1153.8000000000002,1437.741822205475
2018,2019-02-02,Sociedad,Ath Bilbao,1,2.35,0.5313623421678416,0.24870150409442782,True,10.0,13.5,46.0558340915607,62.175376023606944,1167.3000000000002,1499.9171982290818
2018,2019-02-04,Vallecano,Leganes,1,2.37,0.47374901294583927,0.12278516068163903,False,10.0,-10.0,22.40605121927719,-22.40605121927719,1157.3000000000002,1477.5111470098047
2018,2019-02-10,Sevilla,Eibar,1,1.66,0.6651025860239866,0.10407029279981783,False,10.0,-10.0,39.42056545447645,-39.42056545447645,1147.3000000000002,1438.0905815553283
2018,2019-02-16,Sociedad,Leganes,1,2.05,0.542965977247775,0.11308025335793848,True,10.0,10.499999999999998,26.923869847128213,28.27006333948462,1157.8000000000002,1466.360644894813
2018,2019-02-23,Alaves,Celta,1,2.3,0.48734503285095965,0.12089357555720714,False,10.0,-10.0,23.248764530232148,-23.248764530232148,1147.8000000000002,1443.1118803645809
2018,2019-02-23,Ath Bilbao,Eibar,1,2.1,0.502830027838448,0.05594305846074077,True,10.0,11.0,12.714331468350174,13.985764615185193,1158.8000000000002,1457.0976449797658
2018,2019-03-03,Valencia,Ath Bilbao,1,2.0,0.642252917375667,0.28450583475133406,True,10.0,10.0,50.0,50.0,1168.8000000000002,1507.0976449797658
2018,2019-03-03,Betis,Getafe,1,2.3,0.4852521754503027,0.11608000353569614,False,10.0,-10.0,22.323077603018493,-22.323077603018493,1158.8000000000002,1484.7745673767474
2018,2019-03-17,Valencia,Getafe,1,2.0,0.6097985937161952,0.21959718743239032,False,10.0,-10.0,50.0,-50.0,1148.8000000000002,1434.7745673767474
2018,2019-04-02,Espanol,Getafe,1,2.4,0.5197160847875105,0.2473186034900252,False,10.0,-10.0,44.164036337504506,-44.164036337504506,1138.8000000000002,1390.610531039243
2018,2019-04-07,Betis,Villarreal,1,2.2,0.4892930651108142,0.07644474324379136,True,10.0,12.000000000000002,15.925988175789865,19.11118581094784,1150.8000000000002,1409.721716850191
2018,2019-04-14,Sociedad,Eibar,1,2.2,0.5037117719648617,0.10816589832269585,False,10.0,-10.0,22.534562150561634,-22.534562150561634,1140.8000000000002,1387.1871546996292
2018,2019-04-14,Valencia,Levante,1,1.5,0.7169839044163817,0.07547585662457257,True,10.0,5.0,37.737928312286286,18.868964156143143,1145.8000000000002,1406.0561188557724
2018,2019-04-21,Real Madrid,Ath Bilbao,1,1.45,0.7984905187839976,0.15781125223679648,True,10.0,4.5,50.0,22.499999999999996,1150.3000000000002,1428.5561188557724
2018,2019-04-24,Espanol,Celta,1,2.3,0.4893618579407038,0.1255322732636186,False,10.0,-10.0,24.140821781465117,-24.140821781465117,1140.3000000000002,1404.4152970743073
2018,2019-04-25,Getafe,Real Madrid,2,1.9,0.667502329332237,0.26825442573125025,False,10.0,-10.0,50.0,-50.0,1130.3000000000002,1354.4152970743073
2018,2019-04-27,Leganes,Celta,1,2.37,0.4663095201992939,0.10515356287232658,False,10.0,-10.0,19.188606363563242,-19.188606363563242,1120.3000000000002,1335.2266907107442
2018,2019-05-12,Ath Madrid,Sevilla,1,2.1,0.5544128358248495,0.16426695523218382,False,10.0,-10.0,37.333398916405415,-37.333398916405415,1110.3000000000002,1297.8932917943387
2019,2019-09-01,Espanol,Granada,1,2.05,0.6293616771388096,0.2901914381345596,False,10.0,-10.0,50.0,-50.0,1100.3000000000002,1247.8932917943387
2019,2019-09-01,Ath Madrid,Eibar,1,1.4,0.7916877371259298,0.1083628319763017,True,10.0,3.999999999999999,50.0,19.999999999999996,1104.3000000000002,1267.8932917943387
2019,2019-09-22,Valencia,Leganes,1,1.61,0.7633504485320278,0.22899422213656484,False,10.0,-10.0,50.0,-50.0,1094.3000000000002,1217.8932917943387
2019,2019-09-24,Valladolid,Granada,1,2.25,0.48086919573506953,0.08195569040390649,False,10.0,-10.0,16.391138080781296,-16.391138080781296,1084.3000000000002,1201.5021537135574
2019,2019-09-29,Alaves,Mallorca,1,2.2,0.5100641253010826,0.12214107566238175,True,10.0,12.000000000000002,25.44605742966286,30.535268915595438,1096.3000000000002,1232.0374226291528
2019,2019-10-26,Valladolid,Eibar,1,2.4,0.4530134321644344,0.08723223719464257,True,10.0,14.0,15.577185213329033,21.808059298660645,1110.3000000000002,1253.8454819278134
2019,2019-11-09,Valencia,Granada,1,1.61,0.7313665040577728,0.1775000715330144,True,10.0,6.100000000000001,50.0,30.500000000000004,1116.4,1284.3454819278134
2019,2019-11-23,Granada,Ath Madrid,2,1.9,0.6599236920576608,0.2538550149095553,False,10.0,-10.0,50.0,-50.0,1106.4,1234.3454819278134
2019,2019-11-30,Valencia,Villarreal,1,2.4,0.5319961411624031,0.27679073878976745,True,10.0,14.0,49.4269176410299,69.19768469744186,1120.4,1303.5431666252553
2019,2019-12-08,Betis,Ath Bilbao,1,2.3,0.5813473642691003,0.33709893781893063,True,10.0,12.999999999999998,50.0,64.99999999999999,1133.4,1368.5431666252553
2019,2019-12-13,Alaves,Leganes,1,2.4,0.5049977428639333,0.21199458287343975,False,10.0,-10.0,37.856175513114245,-37.856175513114245,1123.4,1330.686991112141
2019,2019-12-14,Ath Madrid,Osasuna,1,1.4,0.7774725289373,0.08846154051222,True,10.0,3.999999999999999,50.0,19.999999999999996,1127.4,1350.686991112141
2019,2019-12-22,Leganes,Espanol,1,2.1,0.5049081411962705,0.060307096512168146,True,10.0,11.0,13.706158298220032,15.076774128042036,1138.4,1365.7637652401831
2019,2020-01-18,Real Madrid,Sevilla,1,1.6,0.7199363293024105,0.15189812688385684,True,10.0,6.000000000000001,50.0,30.000000000000004,1144.4,1395.7637652401831
2019,2020-01-19,Villarreal,Espanol,1,1.65,0.6851859017899984,0.13055673795349731,False,10.0,-10.0,50.0,-50.0,1134.4,1345.7637652401831
2019,2020-01-26,Ath Madrid,Leganes,1,1.44,0.770941505426038,0.11015576781349479,False,10.0,-10.0,50.0,-50.0,1124.4,1295.7637652401831
2019,2020-02-07,Alaves,Eibar,1,2.25,0.4675755787923861,0.05204505228286882,True,10.0,12.5,10.409010456573764,13.011263070717206,1136.9,1308.7750283109003
2019,2020-02-08,Ath Madrid,Granada,1,1.4,0.8125838043163675,0.13761732604291432,True,10.0,3.999999999999999,50.0,19.999999999999996,1140.9,1328.7750283109003
2019,2020-02-16,Leganes,Betis,1,2.4,0.4448408668493114,0.06761808043834727,False,10.0,-10.0,12.074657221133442,-12.074657221133442,1130.9,1316.7003710897668
2019,2020-02-23,Getafe,Sevilla,1,2.3,0.46365941859255183,0.06641666276286906,False,10.0,-10.0,12.772435146705591,-12.772435146705591,1120.9,1303.9279359430611
2019,2020-02-29,Valencia,Betis,1,2.15,0.5457253660215861,0.17330953694640994,True,10.0,11.5,37.675986292697814,43.327384236602484,1132.4,1347.2553201796636
2019,2020-03-08,Levante,Granada,1,2.05,0.5191901253299224,0.06433975692634086,False,10.0,-10.0,15.318989744366876,-15.318989744366876,1122.4,1331.9363304352967
2019,2020-03-08,Osasuna,Espanol,1,2.4,0.48275863616624215,0.1586207267989812,True,10.0,14.0,28.325129785532358,39.6551816997453,1136.4,1371.591512135042
2019,2020-06-22,Leganes,Granada,1,2.37,0.4444560966270053,0.05336094900600252,False,10.0,-10.0,9.737399453650093,-9.737399453650093,1126.4,1361.854112681392
2019,2020-07-01,Alaves,Granada,1,2.3,0.5075926884500338,0.1674631834350777,False,10.0,-10.0,32.204458352899564,-32.204458352899564,1116.4,1329.6496543284925
2019,2020-07-02,Eibar,Osasuna,1,2.3,0.4597051277781992,0.05732179388985803,False,10.0,-10.0,11.023421901895777,-11.023421901895777,1106.4,1318.6262324265965
2019,2020-07-09,Eibar,Leganes,1,2.45,0.44658871565733743,0.09414235336047683,False,10.0,-10.0,16.231440234564968,-16.231440234564968,1096.4,1302.3947921920317
2019,2020-07-13,Villarreal,Sociedad,1,2.3,0.45971836761669777,0.05735224551840479,False,10.0,-10.0,11.029277984308614,-11.029277984308614,1086.4,1291.365514207723
2019,2020-07-16,Sociedad,Sevilla,1,2.37,0.49182107719346635,0.16561595294851528,False,10.0,-10.0,30.221889224181616,-30.221889224181616,1076.4,1261.1436249835415
2020,2020-09-13,Valencia,Levante,1,2.1,0.513653902741967,0.07867319575813081,True,10.0,11.0,17.880271763211546,19.6682989395327,1087.4,1280.8119239230741
2020,2020-09-27,Ath Madrid,Granada,1,1.5,0.7336884296817253,0.10053264452258803,True,10.0,5.0,50.0,25.0,1092.4,1305.8119239230741
2020,2020-09-27,Osasuna,Levante,1,2.3,0.49254650905886405,0.13285697083538728,False,10.0,-10.0,25.549417468343712,-25.549417468343712,1082.4,1280.2625064547303
2020,2020-09-27,Barcelona,Villarreal,1,1.53,0.7215201269887405,0.10392579429277293,True,10.0,5.300000000000001,49.02160108149666,25.981448573193234,1087.7,1306.2439550279237
2020,2020-10-03,Sociedad,Getafe,1,2.25,0.4814398189763853,0.08323959269686698,True,10.0,12.5,16.647918539373396,20.809898174216745,1100.2,1327.0538532021403
2020,2020-10-25,Valladolid,Alaves,1,2.3,0.5184521064602597,0.19243984485859733,False,10.0,-10.0,37.00766247280718,-37.00766247280718,1090.2,1290.0461907293331
2020,2020-10-26,Levante,Celta,1,2.37,0.46009037998374586,0.09041420056147764,False,10.0,-10.0,16.49894170829884,-16.49894170829884,1080.2,1273.5472490210343
2020,2020-11-01,Granada,Levante,1,2.25,0.5401732838616565,0.2153898886887271,False,10.0,-10.0,43.07797773774542,-43.07797773774542,1070.2,1230.469271283289
2020,2020-11-07,Ath Madrid,Cadiz,1,1.4,0.8323106037560292,0.16523484525844068,True,10.0,3.999999999999999,50.0,19.999999999999996,1074.2,1250.469271283289
2020,2020-12-05,Ath Madrid,Valladolid,1,1.4,0.7971157297201819,0.11596202160825442,True,10.0,3.999999999999999,50.0,19.999999999999996,1078.2,1270.469271283289
2020,2020-12-15,Real Madrid,Ath Bilbao,1,1.53,0.7137533612256721,0.09204264267527829,True,10.0,5.300000000000001,43.41634088456522,23.01066066881957,1083.5,1293.4799319521085
2020,2020-12-22,Villarreal,Ath Bilbao,1,2.0,0.6698695945981594,0.33973918919631885,False,10.0,-10.0,50.0,-50.0,1073.5,1243.4799319521085
2020,2020-12-30,Ath Madrid,Getafe,1,1.44,0.751902752190564,0.08273996315441212,True,10.0,4.3999999999999995,47.01134270137053,20.68499078860303,1077.9,1264.1649227407115
2020,2020-12-31,Osasuna,Alaves,1,2.35,0.4480442688320027,0.052904031755206304,False,10.0,-10.0,9.797042917630797,-9.797042917630797,1067.9,1254.3678798230808
2020,2021-01-02,Real Madrid,Celta,1,1.44,0.7542010631233326,0.08604953089759881,True,10.0,4.3999999999999995,48.891778919090235,21.5123827243997,1072.3000000000002,1275.8802625474805
2020,2021-01-10,Valladolid,Valencia,1,2.37,0.4492489916766875,0.06472011027374958,False,10.0,-10.0,11.810239101049191,-11.810239101049191,1062.3000000000002,1264.0700234464312
2020,2021-02-13,Sevilla,Huesca,1,1.5,0.822783962086142,0.23417594312921297,True,10.0,5.0,50.0,25.0,1067.3000000000002,1289.0700234464312
2020,2021-02-14,Real Madrid,Valencia,1,1.4,0.75207417775788,0.05290384886103183,True,10.0,3.999999999999999,33.0649055381449,13.225962215257956,1071.3000000000002,1302.2959856616892
2020,2021-02-20,Valencia,Celta,1,2.45,0.5286618330004235,0.29522149085103755,True,10.0,14.500000000000002,50.0,72.50000000000001,1085.8000000000002,1374.7959856616892
2020,2021-02-21,Sociedad,Alaves,1,1.66,0.6415081322822735,0.064903499588574,True,10.0,6.6,24.584658935065914,16.225874897143502,1092.4,1391.0218605588327
2020,2021-02-28,Granada,Elche,1,2.1,0.5389925060140327,0.13188426262946873,True,10.0,11.0,29.973696052151983,32.971065657367184,1103.4,1423.9929262162
2020,2021-03-13,Osasuna,Valladolid,1,2.2,0.5340148835309123,0.17483274376800728,False,10.0,-10.0,36.42348828500151,-36.42348828500151,1093.4,1387.5694379311983
2020,2021-03-13,Alaves,Cadiz,1,2.15,0.5427746836688122,0.1669655698879462,False,10.0,-10.0,36.29686301911874,-36.29686301911874,1083.4,1351.2725749120796
2020,2021-03-14,Sevilla,Betis,1,2.0,0.5360771929686842,0.07215438593736834,True,10.0,10.0,18.038596484342083,18.038596484342083,1093.4,1369.3111713964217
2020,2021-03-17,Sevilla,Elche,1,1.4,0.7836469643781309,0.09710575012938305,True,10.0,3.999999999999999,50.0,19.999999999999996,1097.4,1389.3111713964217
2020,2021-04-18,Ath Madrid,Eibar,1,1.4,0.8488422189509648,0.1883791065313507,True,10.0,3.999999999999999,50.0,19.999999999999996,1101.4,1409.3111713964217
2020,2021-04-21,Betis,Ath Bilbao,1,2.37,0.5947931750328853,0.40965982482793817,False,10.0,-10.0,50.0,-50.0,1091.4,1359.3111713964217
2020,2021-04-21,Osasuna,Valencia,1,2.3,0.4577099658068769,0.05273292135581675,True,10.0,12.999999999999998,10.140946414580146,13.183230338954187,1104.4,1372.494401735376
2020,2021-04-22,Granada,Eibar,1,2.37,0.5626073597426764,0.33337944259014307,True,10.0,13.700000000000001,50.0,68.5,1118.1000000000001,1440.994401735376
2020,2021-04-24,Real Madrid,Betis,1,1.45,0.7596494621597186,0.10149172013159191,False,10.0,-10.0,50.0,-50.0,1108.1000000000001,1390.994401735376
2020,2021-04-25,Sevilla,Granada,1,1.4,0.7616424307195504,0.06629940300737047,True,10.0,3.999999999999999,41.43712687960655,16.574850751842618,1112.1000000000001,1407.5692524872184
2020,2021-05-03,Sevilla,Ath Bilbao,1,1.57,0.8339125877549894,0.3092427627753336,False,10.0,-10.0,50.0,-50.0,1102.1000000000001,1357.5692524872184
2020,2021-05-12,Celta,Getafe,1,2.35,0.6344924858901979,0.49105734184196526,True,10.0,13.5,50.0,67.5,1115.6000000000001,1425.0692524872184
2020,2021-05-23,Sevilla,Alaves,1,1.5,0.7140190889484207,0.0710286334226311,True,10.0,5.0,35.51431671131555,17.757158355657776,1120.6000000000001,1442.8264108428762
2021,2021-08-14,Osasuna,Espanol,1,2.25,0.4913419651591758,0.10551942160814543,False,10.0,-10.0,21.103884321629085,-21.103884321629085,1110.6000000000001,1421.7225265212471
2021,2021-08-15,Sevilla,Vallecano,1,1.44,0.7469319458470949,0.07558200201981657,True,10.0,4.3999999999999995,42.94431932944124,18.895500504954143,1115.0,1440.6180270262014
2021,2021-09-12,Espanol,Ath Madrid,2,1.9,0.5965976787526662,0.13353558963006584,True,10.0,9.0,37.093219341684964,33.383897407516464,1124.0,1474.0019244337177
2021,2021-09-18,Ath Madrid,Ath Bilbao,1,1.65,0.7112475138976889,0.17355839793118655,False,10.0,-10.0,50.0,-50.0,1114.0,1424.0019244337177
2021,2021-09-18,Vallecano,Getafe,1,2.37,0.48430079392416986,0.1477928816002827,True,10.0,13.700000000000001,26.969503941657425,36.948220400070674,1127.7,1460.9501448337885
2021,2021-09-19,Betis,Espanol,1,2.0,0.5861248464028334,0.1722496928056667,False,10.0,-10.0,43.06242320141668,-43.06242320141668,1117.7,1417.8877216323717
2021,2021-09-25,Sevilla,Espanol,1,1.57,0.68660280844077,0.07796640925200893,True,10.0,5.700000000000001,34.19579353158286,19.491602313002232,1123.4,1437.379323945374
2021,2021-09-26,Sociedad,Elche,1,1.4,0.7545036317190993,0.05630508440673898,True,10.0,3.999999999999999,35.19067775421187,14.076271101684744,1127.4,1451.4555950470588
2021,2021-09-26,Barcelona,Levante,1,1.4,0.8087384515994405,0.13223383223921648,True,10.0,3.999999999999999,50.0,19.999999999999996,1131.4,1471.4555950470588
2021,2021-10-17,Villarreal,Osasuna,1,1.66,0.6497634126263344,0.07860726495971515,False,10.0,-10.0,29.775479151407257,-29.775479151407257,1121.4,1441.6801158956516
2021,2021-10-24,Sevilla,Levante,1,1.44,0.7462743370015684,0.0746350452822584,True,10.0,4.3999999999999995,42.40627572855591,18.658761320564597,1125.8000000000002,1460.3388772162161
2021,2021-10-30,Sevilla,Osasuna,1,1.53,0.7121059671899629,0.08952212980064322,True,10.0,5.300000000000001,42.22741971728454,22.380532450160807,1131.1000000000001,1482.719409666377
2021,2021-10-31,Sociedad,Ath Bilbao,1,2.1,0.6176346154972921,0.29703269254431364,False,10.0,-10.0,50.0,-50.0,1121.1000000000001,1432.719409666377
2021,2021-10-31,Getafe,Espanol,1,2.45,0.48244676685332427,0.1819945787906445,True,10.0,14.500000000000002,31.378375653559395,45.49864469766113,1135.6000000000001,1478.2180543640382
2021,2021-10-31,Ath Madrid,Betis,1,1.6,0.6566166990050321,0.05058671840805129,True,10.0,6.000000000000001,21.077799336688035,12.646679602012822,1141.6000000000001,1490.8647339660508
2021,2021-11-01,Vallecano,Celta,1,2.37,0.4525442907351917,0.07252996904240439,False,10.0,-10.0,13.235395810657733,-13.235395810657733,1131.6000000000001,1477.6293381553933
2021,2021-11-20,Ath Madrid,Osasuna,1,1.44,0.7997263862967131,0.1516059962672669,True,10.0,4.3999999999999995,50.0,21.999999999999996,1136.0,1499.6293381553933
2021,2021-11-28,Betis,Levante,1,1.66,0.6819793570356584,0.13208573267919288,True,10.0,6.6,50.0,32.99999999999999,1142.6000000000001,1532.6293381553933
2021,2021-12-01,Real Madrid,Ath Bilbao,1,1.44,0.7298544382144635,0.05099039102882741,True,10.0,4.3999999999999995,28.97181308456103,12.747597757206853,1147.0,1545.3769359126
2021,2021-12-04,Sevilla,Villarreal,1,2.0,0.5353797928456676,0.07075958569133523,True,10.0,10.0,17.689896422833804,17.689896422833804,1157.0,1563.066832335434
2021,2021-12-05,Vallecano,Espanol,1,2.15,0.523401922829441,0.12531413408329817,True,10.0,11.5,27.24220306158656,31.328533520824543,1168.5,1594.3953658562584
2021,2021-12-05,Levante,Osasuna,1,2.4,0.45931095650001036,0.10234629560002473,False,10.0,-10.0,18.27612421429013,-18.27612421429013,1158.5,1576.1192416419683
2021,2021-12-19,Getafe,Osasuna,1,2.4,0.4508061634894072,0.08193479237457724,True,10.0,14.0,14.63121292403165,20.48369809364431,1172.5,1596.6029397356126
2021,2022-01-22,Villarreal,Mallorca,1,1.44,0.8272897574096844,0.19129725066994552,True,10.0,4.3999999999999995,50.0,21.999999999999996,1176.9,1618.6029397356126
2021,2022-02-05,Elche,Alaves,1,2.37,0.4524930298858251,0.07240848082940565,True,10.0,13.700000000000001,13.213226428723658,18.102120207351412,1190.6000000000001,1636.705059942964
2021,2022-02-13,Espanol,Barcelona,2,1.75,0.617553155318806,0.08071802180791043,False,10.0,-10.0,26.90600726930348,-26.90600726930348,1180.6000000000001,1609.7990526736605
2021,2022-02-27,Barcelona,Ath Bilbao,1,1.6,0.7282855462560383,0.16525687400966116,True,10.0,6.000000000000001,50.0,30.000000000000004,1186.6000000000001,1639.7990526736605
2021,2022-02-27,Sevilla,Betis,1,2.2,0.6560908538042233,0.4433998783692914,True,10.0,12.000000000000002,50.0,60.00000000000001,1198.6000000000001,1699.7990526736605
2021,2022-03-04,Alaves,Sevilla,2,1.95,0.5549025515368466,0.08205997549685096,False,10.0,-10.0,21.594730393908147,-21.594730393908147,1188.6000000000001,1678.2043222797524
2021,2022-03-12,Levante,Espanol,1,2.3,0.48843598816099565,0.12340277277028999,False,10.0,-10.0,23.731302455825002,-23.731302455825002,1178.6000000000001,1654.4730198239274
2021,2022-03-13,Betis,Ath Bilbao,1,2.3,0.49194454451626296,0.13147245238740468,True,10.0,12.999999999999998,25.28316392065475,32.86811309685117,1191.6000000000001,1687.3411329207786
2021,2022-03-20,Sevilla,Sociedad,1,2.05,0.5860177931291926,0.2013364759148446,False,10.0,-10.0,47.93725617020111,-47.93725617020111,1181.6000000000001,1639.4038767505776
2021,2022-04-02,Getafe,Mallorca,1,2.15,0.49993694412819956,0.07486442987562891,True,10.0,11.5,16.27487605991933,18.716107468907225,1193.1000000000001,1658.1199842194846
2021,2022-04-09,Villarreal,Ath Bilbao,1,2.3,0.528787852454001,0.21621206064420218,False,10.0,-10.0,41.57924243157735,-41.57924243157735,1183.1000000000001,1616.5407417879073
2021,2022-04-09,Mallorca,Ath Madrid,2,1.95,0.6906988433999354,0.346862744629874,False,10.0,-10.0,50.0,-50.0,1173.1000000000001,1566.5407417879073
2021,2022-04-15,Sociedad,Betis,1,2.1,0.5084979362477041,0.06784566612017873,False,10.0,-10.0,15.419469572767891,-15.419469572767891,1163.1000000000001,1551.1212722151395
2021,2022-04-16,Valencia,Osasuna,1,2.15,0.5420820121675974,0.16547632616033447,False,10.0,-10.0,35.97311438268141,-35.97311438268141,1153.1000000000001,1515.1481578324583
2021,2022-04-29,Sevilla,Cadiz,1,1.65,0.665658712831331,0.09833687617169606,False,10.0,-10.0,37.82187545065234,-37.82187545065234,1143.1000000000001,1477.3262823818059
2021,2022-04-30,Valencia,Levante,1,2.2,0.5401232458848816,0.1882711409467397,False,10.0,-10.0,39.2231543639041,-39.2231543639041,1133.1000000000001,1438.1031280179018
2021,2022-04-30,Real Madrid,Espanol,1,1.5,0.7328207034073135,0.0992310551109703,True,10.0,5.0,49.61552755548515,24.807763777742576,1138.1000000000001,1462.9108917956444
2021,2022-05-11,Sevilla,Mallorca,1,1.61,0.7150530061531019,0.15123533990649407,False,10.0,-10.0,50.0,-50.0,1128.1000000000001,1412.9108917956444
2021,2022-05-12,Real Madrid,Levante,1,1.45,0.7536070315124155,0.09273019569300245,True,10.0,4.5,50.0,22.499999999999996,1132.6000000000001,1435.4108917956444
2021,2022-05-15,Ath Madrid,Sevilla,1,2.25,0.5066601457823918,0.13998532801038155,False,10.0,-10.0,27.99706560207631,-27.99706560207631,1122.6000000000001,1407.4138261935682
2021,2022-05-20,Real Madrid,Betis,1,1.65,0.7376376825341522,0.21710217618135097,False,10.0,-10.0,50.0,-50.0,1112.6000000000001,1357.4138261935682
2021,2022-05-22,Barcelona,Villarreal,1,2.1,0.5918865673133468,0.2429617913580282,False,10.0,-10.0,50.0,-50.0,1102.6000000000001,1307.4138261935682
2022,2022-08-19,Espanol,Vallecano,1,2.45,0.5264109212634939,0.28970675709556004,False,10.0,-10.0,49.949440878544834,-49.949440878544834,1092.6000000000001,1257.4643853150233
2022,2022-08-19,Sevilla,Valladolid,1,1.5,0.7004221241007792,0.05063318615116885,False,10.0,-10.0,25.316593075584425,-25.316593075584425,1082.6000000000001,1232.1477922394388
2022,2022-09-16,Valladolid,Cadiz,1,2.0,0.5449365103890079,0.08987302077801584,False,10.0,-10.0,22.46825519450396,-22.46825519450396,1072.6000000000001,1209.679537044935
2022,2022-09-17,Valencia,Celta,1,2.3,0.4585465307762245,0.05465702078531631,True,10.0,12.999999999999998,10.510965535637753,13.664255196329078,1085.6000000000001,1223.343792241264
2022,2022-10-01,Getafe,Valladolid,1,2.3,0.5214805666936128,0.19940530339530915,False,10.0,-10.0,38.34717372986715,-38.34717372986715,1075.6000000000001,1184.9966185113967
2022,2022-10-08,Ath Madrid,Girona,1,1.45,0.7478738524807033,0.0844170860970197,True,10.0,4.5,46.89838116501095,21.104271524254926,1080.1000000000001,1206.1008900356517
2022,2022-10-17,Villarreal,Osasuna,1,1.57,0.7006351951508872,0.09999725638689294,True,10.0,5.700000000000001,43.85844578372497,24.999314096723236,1085.8000000000002,1231.100204132375
2022,2022-10-18,Ath Madrid,Vallecano,1,1.55,0.7292367940687768,0.13031703080660417,False,10.0,-10.0,50.0,-50.0,1075.8000000000002,1181.100204132375
2022,2022-10-18,Sevilla,Valencia,1,2.25,0.47859466026529374,0.07683798559691102,False,10.0,-10.0,15.367597119382204,-15.367597119382204,1065.8000000000002,1165.7326070129927
2022,2022-10-19,Sociedad,Mallorca,1,1.55,0.7016943005217557,0.0876261658087214,True,10.0,5.5,39.830075367600635,21.906541452180353,1071.3000000000002,1187.639148465173
2022,2023-01-14,Sociedad,Ath Bilbao,1,2.4,0.5128114444309934,0.23074746663438406,True,10.0,14.0,41.20490475614001,57.68686665859601,1085.3000000000002,1245.3260151237691
2022,2023-02-04,Betis,Celta,1,2.2,0.5860350293747004,0.289277064624341,False,10.0,-10.0,50.0,-50.0,1075.3000000000002,1195.3260151237691
2022,2023-02-05,Sociedad,Valladolid,1,1.44,0.8039065938990282,0.15762549521460056,False,10.0,-10.0,50.0,-50.0,1065.3000000000002,1145.3260151237691
2022,2023-02-18,Osasuna,Real Madrid,2,1.8,0.6227421443360518,0.1209358598048933,True,10.0,8.0,37.79245618902915,30.233964951223324,1073.3000000000002,1175.5599800749924
2022,2023-02-19,Ath Madrid,Ath Bilbao,1,2.0,0.5809214515865109,0.16184290317302175,True,10.0,10.0,40.460725793255435,40.460725793255435,1083.3000000000002,1216.020705868248
2023,2023-08-11,Almeria,Vallecano,1,2.45,0.46673725137712946,0.1435062658739672,False,10.0,-10.0,24.742459633442614,-24.742459633442614,1073.3000000000002,1191.2782462348052
2023,2023-08-12,Sociedad,Girona,1,1.62,0.6805325983152465,0.1024628092706994,False,10.0,-10.0,41.315648899475555,-41.315648899475555,1063.3000000000002,1149.9625973353297
2023,2023-08-12,Las Palmas,Mallorca,1,2.4,0.5240293729170994,0.25767049500103845,False,10.0,-10.0,46.012588393042584,-46.012588393042584,1053.3000000000002,1103.9500089422872
2023,2023-08-20,Girona,Getafe,1,2.05,0.5223785216051952,0.07087596929064999,True,10.0,10.499999999999998,16.875230783488096,17.718992322662498,1063.8000000000002,1121.6690012649497
2023,2023-08-26,Cadiz,Almeria,1,2.25,0.5394433655485412,0.21374757248421772,False,10.0,-10.0,42.74951449684354,-42.74951449684354,1053.8000000000002,1078.919486768106
2023,2023-08-26,Sevilla,Girona,1,2.05,0.5979408322549231,0.2257787061225922,False,10.0,-10.0,50.0,-50.0,1043.8000000000002,1028.919486768106
2023,2023-09-27,Villarreal,Girona,1,2.25,0.5290429128983666,0.19034655402132472,False,10.0,-10.0,38.069310804264944,-38.069310804264944,1033.8000000000002,990.8501759638411
2023,2023-09-30,Girona,Real Madrid,2,1.95,0.6611790642113452,0.289299175212123,True,10.0,9.5,50.0,47.5,1043.3000000000002,1038.3501759638411
2023,2023-09-30,Vallecano,Mallorca,1,2.1,0.5011743218409949,0.05246607586608931,False,10.0,-10.0,11.924108151383933,-11.924108151383933,1033.3000000000002,1026.4260678124572
2023,2023-09-30,Sociedad,Ath Bilbao,1,2.2,0.5810415520327807,0.2782914144721178,True,10.0,12.000000000000002,50.0,60.00000000000001,1045.3000000000002,1086.4260678124572
2023,2023-10-01,Betis,Valencia,1,2.3,0.46673725137712946,0.07349567816739766,True,10.0,12.999999999999998,14.13378426296109,18.373919541849414,1058.3000000000002,1104.7999873543067
2023,2023-10-22,Barcelona,Ath Bilbao,1,1.62,0.6840556090084413,0.108170086593675,True,10.0,6.200000000000001,43.61697040067539,27.04252164841875,1064.5,1131.8425090027254
2023,2023-10-28,Almeria,Las Palmas,1,2.25,0.5245208514700561,0.18017191580762626,False,10.0,-10.0,36.034383161525255,-36.034383161525255,1054.5,1095.8081258412
2023,2023-10-29,Betis,Osasuna,1,2.05,0.5159160810788741,0.05762796621169186,True,10.0,10.499999999999998,13.720944336117112,14.406991552922966,1065.0,1110.2151173941231
2023,2023-11-25,Valencia,Celta,1,2.2,0.6185239573726569,0.36075270621984523,False,10.0,-10.0,50.0,-50.0,1055.0,1060.2151173941231
2024,2024-08-24,Osasuna,Mallorca,1,2.45,0.5073009480181011,0.24288732264434776,True,10.0,14.500000000000002,41.87712459385306,60.72183066108695,1069.5,1120.93694805521
2024,2024-10-26,Vallecano,Alaves,1,2.25,0.5064088223758348,0.13941985034562832,True,10.0,12.5,27.883970069125663,34.854962586407076,1082.0,1155.791910641617
2024,2024-10-26,Real Madrid,Barcelona,1,2.0,0.5408325844357625,0.08166516887152508,False,10.0,-10.0,20.41629221788127,-20.41629221788127,1072.0,1135.375618423736
2024,2024-11-24,Sevilla,Vallecano,1,2.3,0.4857853378005394,0.11730627694124052,True,10.0,12.999999999999998,22.558899411777027,29.32656923531013,1085.0,1164.7021876590459
2024,2024-12-22,Valencia,Alaves,1,2.25,0.512589699975358,0.1533268249445554,False,10.0,-10.0,30.665364988911083,-30.665364988911083,1075.0,1134.0368226701348
2024,2025-01-12,Las Palmas,Getafe,1,2.45,0.4372904024056452,0.07136148589383073,False,10.0,-10.0,12.303704464453574,-12.303704464453574,1065.0,1121.7331182056814
2024,2025-02-02,Valencia,Celta,1,2.3,0.4765566969336021,0.09608040294728482,True,10.0,12.999999999999998,18.47700056678554,24.0201007368212,1078.0,1145.7532189425026
2024,2025-02-09,Alaves,Getafe,1,2.3,0.4818436032276336,0.10824028742355707,False,10.0,-10.0,20.81543988914559,-20.81543988914559,1068.0,1124.937779053357
2024,2025-03-01,Ath Madrid,Ath Bilbao,1,2.05,0.6038478486370046,0.23788808970585928,True,10.0,10.499999999999998,50.0,52.49999999999999,1078.5,1177.437779053357
2024,2025-03-09,Sociedad,Sevilla,1,2.2,0.5269130274343621,0.15920866035559667,False,10.0,-10.0,33.168470907415966,-33.168470907415966,1068.5,1144.269308145941
2024,2025-03-10,Osasuna,Getafe,1,2.15,0.5101337090783863,0.09678747451853043,True,10.0,11.5,21.04075533011531,24.196868629632604,1080.0,1168.4661767755736
2024,2025-03-29,Alaves,Vallecano,1,2.15,0.5176229622595113,0.11288936885794931,False,10.0,-10.0,24.54116714303246,-24.54116714303246,1070.0,1143.925009632541
2024,2025-03-30,Valencia,Mallorca,1,2.15,0.5355470528617465,0.15142616365275496,True,10.0,11.5,32.91873122885978,37.85654091318874,1081.5,1181.7815505457297
2024,2025-04-06,Villarreal,Ath Bilbao,1,2.2,0.4985274656148924,0.09676042435276333,False,10.0,-10.0,20.158421740159024,-20.158421740159024,1071.5,1161.6231288055708
2024,2025-04-10,Girona,Valencia,1,2.45,0.44268282902459116,0.08457293111024833,True,10.0,14.500000000000002,14.581539846594536,21.14323277756208,1086.0,1182.766361583133
2024,2025-04-13,Osasuna,Girona,1,2.45,0.47486747781454014,0.16342532064562332,True,10.0,14.500000000000002,28.17677942165919,40.85633016140583,1100.5,1223.6226917445388
2024,2025-04-20,Real Madrid,Ath Bilbao,1,1.65,0.6814981554693046,0.12447195652435261,True,10.0,6.499999999999999,47.873829432443316,31.11798913108815,1107.0,1254.7406808756268
2024,2025-04-23,Getafe,Real Madrid,2,1.75,0.6048401800934311,0.05847031516350443,True,10.0,7.5,19.490105054501477,14.617578790876108,1114.5,1269.358259666503
2024,2025-04-24,Ath Madrid,Vallecano,1,1.53,0.7033300482349087,0.07609497379941033,True,10.0,5.300000000000001,35.89385556575959,19.02374344985258,1119.8000000000002,1288.3820031163555
2024,2025-05-10,Sociedad,Vallecano,1,2.05,0.5385037541116279,0.10393269592883714,False,10.0,-10.0,24.745879983056465,-24.745879983056465,1109.8000000000002,1263.6361231332992
2024,2025-05-10,Sociedad,Vallecano,1,2.05,0.6657027692792963,0.3646906770225573,False,10.0,-10.0,50.0,-50.0,1099.8000000000002,1213.6361231332992
2024,2025-05-10,Celta,Ath Madrid,2,1.75,0.6400354541259482,0.12006204472040927,False,10.0,-10.0,40.02068157346975,-40.02068157346975,1089.8000000000002,1173.6154415598294
2024,2025-05-10,Celta,Ath Madrid,2,1.75,0.6242800839785155,0.09249014696240221,False,10.0,-10.0,30.830048987467404,-30.830048987467404,1079.8000000000002,1142.785392572362
2024,2025-05-10,Celta,Ath Madrid,2,1.75,0.6253562608722525,0.0943734565264418,False,10.0,-10.0,31.45781884214727,-31.45781884214727,1069.8000000000002,1111.3275737302147
2024,2025-05-10,Alaves,Elche,1,2.3,0.47652176321734,0.09600005539988188,True,10.0,12.999999999999998,18.4615491153619,24.00001384997047,1082.8000000000002,1135.327587580185
2024,2025-05-10,Celta,Ath Madrid,2,1.75,0.6253562608722525,0.0943734565264418,False,10.0,-10.0,31.45781884214727,-31.45781884214727,1072.8000000000002,1103.869768738038
2024,2025-07-12,Elche,Girona,1,2.15,0.5427621100228807,0.16693853654919333,True,10.0,11.5,36.29098620634638,41.734634137298336,1084.3000000000002,1145.6044028753363
