League,Season,P_Model,Won,Odds,Flat_P,Kelly_P,Kelly_S,Flat_S
LaLiga,2015,0.9267224479857078,0,1.44,-10.0,-50.0,50.0,10.0
LaLiga,2015,0.7972171375812795,0,1.5,-10.0,-50.0,50.0,10.0
LaLiga,2015,0.5067239099406732,0,2.4,-10.0,-38.59596140314562,38.59596140314562,10.0
LaLiga,2015,0.635703716940777,0,2.0,-10.0,-50.0,50.0,10.0
LaLiga,2015,0.4468375558509569,1,2.38,13.799999999999999,15.868345731319344,11.498801254579236,10.0
LaLiga,2015,0.6944617262975498,1,1.62,6.200000000000001,31.000000000000007,50.0,10.0
LaLiga,2015,0.621322378571228,0,2.0,-10.0,-50.0,50.0,10.0
LaLiga,2015,0.6464060147066463,1,1.91,9.1,45.49999999999999,50.0,10.0
LaLiga,2015,0.5919261830199049,0,2.3,-10.0,-50.0,50.0,10.0
LaLiga,2015,0.7343380791076709,1,1.44,4.3999999999999995,14.361708478761505,32.64024654263979,10.0
LaLiga,2015,0.8287575187534036,1,1.44,4.3999999999999995,21.999999999999996,50.0,10.0
LaLiga,2015,0.918507974351075,0,1.44,-10.0,-50.0,50.0,10.0
LaLiga,2015,0.4516756758574119,1,2.4,14.0,21.00540551444713,15.003861081747951,10.0
LaLiga,2015,0.7205027280343833,1,1.57,5.700000000000001,28.500000000000004,50.0,10.0
LaLiga,2015,0.5019820135625926,0,2.1,-10.0,-12.30959738214652,12.30959738214652,10.0
LaLiga,2015,0.5357434807879664,1,2.05,10.499999999999998,24.568533903832734,23.39860371793594,10.0
LaLiga,2015,0.7839402636585137,0,1.67,-10.0,-50.0,50.0,10.0
LaLiga,2015,0.4547638720928569,1,2.4,14.0,22.858323255714126,16.32737375408152,10.0
LaLiga,2015,0.5006531301583798,0,2.25,-10.0,-25.293908571270897,25.293908571270897,10.0
LaLiga,2015,0.6353114392833712,1,2.1,11.0,55.00000000000001,50.0,10.0
LaLiga,2015,0.5299400920421043,1,2.15,11.5,34.84279947263108,30.298086497940073,10.0
LaLiga,2015,0.7566367747915201,1,1.5,5.0,25.0,50.0,10.0
LaLiga,2015,0.6747379454419963,1,1.8,8.0,40.0,50.0,10.0
LaLiga,2015,0.7254627885511512,1,1.67,6.699999999999999,33.5,50.0,10.0
LaLiga,2015,0.7114323754311987,0,1.62,-10.0,-50.0,50.0,10.0
LaLiga,2015,0.4427409480800641,1,2.38,13.799999999999999,13.430864107638108,9.732510222926166,10.0
LaLiga,2015,0.4470550819833902,0,2.38,-10.0,-11.592589695737091,11.592589695737091,10.0
LaLiga,2015,0.4942062831039698,1,2.38,13.799999999999999,44.05273844686202,31.92227423685654,10.0
LaLiga,2015,0.5223876164358671,0,2.2,-10.0,-31.094324199772423,31.094324199772423,10.0
LaLiga,2015,0.6336472947211974,0,2.3,-10.0,-50.0,50.0,10.0
LaLiga,2015,0.6682353411903493,1,1.67,6.699999999999999,28.988254946970827,43.26605215965795,10.0
LaLiga,2015,0.935290780869669,1,1.4,3.999999999999999,19.999999999999996,50.0,10.0
LaLiga,2015,0.6145864503228083,1,2.1,11.0,55.00000000000001,50.0,10.0
LaLiga,2015,0.7057235515433568,0,1.62,-10.0,-50.0,50.0,10.0
LaLiga,2015,0.5458025062997551,0,2.15,-10.0,-37.71204098792903,37.71204098792903,10.0
LaLiga,2015,0.6643457747186271,0,2.3,-10.0,-50.0,50.0,10.0
LaLiga,2015,0.9753707183828304,1,1.4,3.999999999999999,19.999999999999996,50.0,10.0
LaLiga,2015,0.6768341650024717,0,1.62,-10.0,-38.89973681613072,38.89973681613072,10.0
LaLiga,2015,0.7200028041225135,0,1.53,-10.0,-47.92655203181399,47.92655203181399,10.0
LaLiga,2015,0.4678947664858027,0,2.3,-10.0,-14.64576209948964,14.64576209948964,10.0
LaLiga,2015,0.5116593671673798,0,2.38,-10.0,-39.447335843906494,39.447335843906494,10.0
LaLiga,2015,0.7339484150971666,1,1.62,6.200000000000001,31.000000000000007,50.0,10.0
LaLiga,2015,0.5838790936554866,0,2.45,-10.0,-50.0,50.0,10.0
LaLiga,2015,0.525901781105115,1,2.0,10.0,12.950890552557492,12.950890552557492,10.0
LaLiga,2016,0.6729747163325062,1,1.67,6.699999999999999,30.966944068821334,46.21931950570349,10.0
LaLiga,2016,0.533161231516187,0,2.15,-10.0,-31.803619078217828,31.803619078217828,10.0
LaLiga,2016,0.642801991391048,0,2.05,-10.0,-50.0,50.0,10.0
LaLiga,2016,0.498791636571648,0,2.15,-10.0,-15.739569267183274,15.739569267183274,10.0
LaLiga,2016,0.46556578502864787,1,2.3,12.999999999999998,17.700326391472508,13.615635685748085,10.0
LaLiga,2016,0.5223359125555338,0,2.3,-10.0,-38.72549978417841,38.72549978417841,10.0
LaLiga,2016,0.48303643379933175,0,2.45,-10.0,-31.627459104890164,31.627459104890164,10.0
LaLiga,2016,0.5115198655444573,1,2.45,14.500000000000002,63.30591764598009,43.65925354895178,10.0
LaLiga,2016,0.5198591699354661,0,2.1,-10.0,-20.84187656010882,20.84187656010882,10.0
LaLiga,2016,0.5968771074564233,0,1.95,-10.0,-43.134305142111984,43.134305142111984,10.0
LaLiga,2016,0.7112685358219721,1,1.67,6.699999999999999,33.5,50.0,10.0
LaLiga,2016,0.5057216264405188,0,2.25,-10.0,-27.57473189823343,27.57473189823343,10.0
LaLiga,2016,0.4754766506314632,1,2.25,12.5,17.45561598019807,13.964492784158455,10.0
LaLiga,2016,0.5254774048422294,1,2.35,13.5,58.717975344809766,43.494796551710934,10.0
LaLiga,2016,0.4983506068592705,0,2.25,-10.0,-24.25777308667172,24.25777308667172,10.0
LaLiga,2016,0.6567592636755637,1,1.73,7.3,34.048381539681316,46.64161854750865,10.0
LaLiga,2016,0.5178428978175448,0,2.25,-10.0,-33.02930401789514,33.02930401789514,10.0
LaLiga,2016,0.5191156641248135,0,2.2,-10.0,-29.594679390539525,29.594679390539525,10.0
LaLiga,2016,0.4719343329814032,1,2.3,12.999999999999998,21.36224146430682,16.432493434082172,10.0
LaLiga,2016,0.48509846498090453,1,2.4,14.0,41.05907898854272,29.327913563244802,10.0
LaLiga,2016,0.5180689105627305,1,2.2,12.000000000000002,34.93790080950182,29.114917341251513,10.0
LaLiga,2016,0.5860567366856052,0,2.1,-10.0,-50.0,50.0,10.0
LaLiga,2016,0.47488666810693675,1,2.3,12.999999999999998,23.059834161488602,17.73833397037585,10.0
LaLiga,2016,0.5540933324915249,1,2.15,11.5,47.82516621419464,41.58710105582143,10.0
LaLiga,2016,0.535755690506397,0,2.25,-10.0,-41.090060727878665,41.090060727878665,10.0
LaLiga,2016,0.8664457465026331,1,1.4,3.999999999999999,19.999999999999996,50.0,10.0
LaLiga,2016,0.494622638959952,0,2.4,-10.0,-33.409702411408006,33.409702411408006,10.0
LaLiga,2016,0.7038582895395686,0,1.5,-10.0,-27.89371715467648,27.89371715467648,10.0
LaLiga,2016,0.6530421336991776,1,2.0,10.0,50.0,50.0,10.0
LaLiga,2017,0.8428420046438232,1,1.5,5.0,25.0,50.0,10.0
LaLiga,2017,0.4699258461189122,0,2.3,-10.0,-15.544124244903454,15.544124244903454,10.0
LaLiga,2017,0.4869355245037658,1,2.25,12.5,23.901232533368287,19.12098602669463,10.0
LaLiga,2017,0.4473643257384035,0,2.38,-10.0,-11.725923053876883,11.725923053876883,10.0
LaLiga,2017,0.4554957734596779,0,2.37,-10.0,-14.51185822982421,14.51185822982421,10.0
LaLiga,2017,0.5290462985046512,1,2.14,11.400000000000002,33.039769699988454,28.982254122796885,10.0
LaLiga,2017,0.7446099982859518,1,1.5,5.0,25.0,50.0,10.0
LaLiga,2017,0.4441545478762691,1,2.37,13.700000000000001,13.16156961668946,9.606985121671139,10.0
LaLiga,2017,0.4439960673508296,0,2.37,-10.0,-9.53844518639895,9.53844518639895,10.0
LaLiga,2017,0.5543776101748246,1,2.0,10.0,27.188805087412284,27.188805087412284,10.0
LaLiga,2017,0.48450484911034897,1,2.37,13.700000000000001,37.06912309788179,27.057754086045104,10.0
LaLiga,2017,0.6568763477154245,0,2.14,-10.0,-50.0,50.0,10.0
LaLiga,2017,0.528463421158063,1,2.25,12.5,47.26067440141047,37.808539521128374,10.0
LaLiga,2017,0.6621572675925164,1,1.66,6.6,24.79526605089427,37.568584925597385,10.0
LaLiga,2017,0.4850795364771742,1,2.25,12.5,22.857239268410492,18.285791414728394,10.0
LaLiga,2017,0.5406061598455846,1,2.04,10.4,25.709141521248146,24.720328385815524,10.0
LaLiga,2017,0.46507699018696885,1,2.39,13.900000000000002,27.88350163671388,20.060073119938043,10.0
LaLiga,2017,0.5611983946765912,1,2.25,12.5,62.5,50.0,10.0
LaLiga,2017,0.6421923335743898,0,1.66,-10.0,-25.014876414199602,25.014876414199602,10.0
LaLiga,2017,0.8531909801753078,1,1.5,5.0,25.0,50.0,10.0
LaLiga,2017,0.7423221726677821,1,1.44,4.3999999999999995,17.235982160401562,39.172686728185376,10.0
LaLiga,2017,0.4627444628416974,1,2.29,12.9,14.921204976871772,11.56682556346649,10.0
LaLiga,2017,0.7712866190600257,1,1.44,4.3999999999999995,21.999999999999996,50.0,10.0
LaLiga,2017,0.620059791010574,0,2.04,-10.0,-50.0,50.0,10.0
LaLiga,2017,0.4636618426183019,0,2.37,-10.0,-18.043534125068533,18.043534125068533,10.0
LaLiga,2017,0.5290462985046512,0,2.04,-10.0,-19.05155022824246,19.05155022824246,10.0
LaLiga,2017,0.5790607938623108,1,2.04,10.4,45.32100486977852,43.57788929786396,10.0
LaLiga,2017,0.5484143184693933,1,2.25,12.5,58.48305413903371,46.78644331122697,10.0
LaLiga,2017,0.4649975777104342,1,2.45,14.500000000000002,34.811016347640994,24.007597481131718,10.0
LaLiga,2017,0.785644887192578,0,1.44,-10.0,-50.0,50.0,10.0
LaLiga,2017,0.5154787816368209,0,2.29,-10.0,-34.970234486108495,34.970234486108495,10.0
LaLiga,2017,0.444264913343089,0,2.37,-10.0,-9.654716172102377,9.654716172102377,10.0
LaLiga,2017,0.5082418273329584,0,2.14,-10.0,-19.21875230099366,19.21875230099366,10.0
LaLiga,2017,0.5177048370167866,1,2.1,11.0,21.795039433813,19.81367221255727,10.0
LaLiga,2017,0.5022581956503931,0,2.1,-10.0,-12.441411560414894,12.441411560414894,10.0
LaLiga,2017,0.4464831361036454,0,2.39,-10.0,-12.067391238797212,12.067391238797212,10.0
LaLiga,2017,0.4378907065499167,1,2.45,14.500000000000002,18.20805776182399,12.557281215051027,10.0
LaLiga,2017,0.7224639675651288,0,1.61,-10.0,-50.0,50.0,10.0
LaLiga,2017,0.5275945138383474,0,2.04,-10.0,-18.33961736303576,18.33961736303576,10.0
LaLiga,2018,0.5116085522425625,0,2.4,-10.0,-40.689379532526786,40.689379532526786,10.0
LaLiga,2018,0.6099831541577094,1,1.8,8.0,24.492419370969245,30.615524213711552,10.0
LaLiga,2018,0.593462978849904,0,2.14,-10.0,-50.0,50.0,10.0
LaLiga,2018,0.7132189195125784,1,1.64,6.399999999999999,31.999999999999996,50.0,10.0
LaLiga,2018,0.7769043600012558,0,1.5,-10.0,-50.0,50.0,10.0
LaLiga,2018,0.6846691221126301,0,1.61,-10.0,-41.93331418087476,41.93331418087476,10.0
LaLiga,2018,0.5296865826949776,1,2.14,11.400000000000002,33.382321741813044,29.28273837001144,10.0
LaLiga,2018,0.44249251679171725,1,2.4,14.0,15.49551007503036,11.068221482164544,10.0
LaLiga,2018,0.6182994459766361,0,1.72,-10.0,-22.039946902713194,22.039946902713194,10.0
LaLiga,2018,0.6301084688244772,1,2.0,10.0,50.0,50.0,10.0
LaLiga,2018,0.7972315184793625,1,1.44,4.3999999999999995,21.999999999999996,50.0,10.0
LaLiga,2018,0.4438667984625823,1,2.4,14.0,16.3200790775494,11.657199341106715,10.0
LaLiga,2018,0.7810275576277051,1,1.4,3.999999999999999,19.999999999999996,50.0,10.0
LaLiga,2018,0.552543843905062,0,2.4,-10.0,-50.0,50.0,10.0
LaLiga,2018,0.7103971550200247,0,1.53,-10.0,-40.99417319841407,40.99417319841407,10.0
LaLiga,2018,0.5132485820613383,0,2.15,-10.0,-22.496619876495078,22.496619876495078,10.0
LaLiga,2018,0.5033441696468152,0,2.2,-10.0,-22.366077754790293,22.366077754790293,10.0
LaLiga,2018,0.5577309513686373,0,2.15,-10.0,-43.287292487515245,43.287292487515245,10.0
LaLiga,2018,0.5111744469337234,1,2.35,13.5,50.314987573562505,37.270361165601855,10.0
LaLiga,2018,0.4920223572107203,0,2.37,-10.0,-30.308939158650944,30.308939158650944,10.0
LaLiga,2018,0.6513309001489799,0,1.66,-10.0,-30.761096305797963,30.761096305797963,10.0
LaLiga,2018,0.5551931121073547,1,2.05,10.499999999999998,34.53646995501925,32.89187614763738,10.0
LaLiga,2018,0.4844063602464184,0,2.3,-10.0,-21.94896703206969,21.94896703206969,10.0
LaLiga,2018,0.5006345019472646,1,2.1,11.0,12.833113522313923,11.666466838467201,10.0
LaLiga,2018,0.48088001484772125,0,2.3,-10.0,-20.389237336492062,20.389237336492062,10.0
LaLiga,2018,0.6893647147999405,1,2.0,10.0,50.0,50.0,10.0
LaLiga,2018,0.7421957421341555,1,1.45,4.5,19.04595652363139,42.324347830291984,10.0
LaLiga,2018,0.5999295829114212,0,2.0,-10.0,-49.96479145571059,49.96479145571059,10.0
LaLiga,2018,0.47134622301630397,0,2.4,-10.0,-23.43409557841597,23.43409557841597,10.0
LaLiga,2018,0.5176810195294773,1,2.2,12.000000000000002,34.72456074121255,28.937133951010455,10.0
LaLiga,2018,0.7708193484633797,1,1.5,5.0,25.0,50.0,10.0
LaLiga,2018,0.5024737221490553,0,2.2,-10.0,-21.967122651650364,21.967122651650364,10.0
LaLiga,2018,0.7635689798047841,1,1.45,4.5,22.499999999999996,50.0,10.0
LaLiga,2018,0.5015983295921645,0,2.3,-10.0,-29.553107319611218,29.553107319611218,10.0
LaLiga,2018,0.6363167216417667,0,1.9,-10.0,-50.0,50.0,10.0
LaLiga,2018,0.5467709966774099,0,2.1,-10.0,-33.68615750512747,33.68615750512747,10.0
LaLiga,2018,0.7694039292096794,1,1.4,3.999999999999999,19.291375223387753,48.22843805846939,10.0
LaLiga,2018,0.775411907340339,1,1.53,5.300000000000001,26.5,50.0,10.0
LaLiga,2018,0.5621438881406934,0,1.9,-10.0,-18.909274296477054,18.909274296477054,10.0
LaLiga,2019,0.7698853954104073,1,1.4,3.999999999999999,19.459888393642544,48.649720984106374,10.0
LaLiga,2019,0.5999884555921885,0,2.05,-10.0,-50.0,50.0,10.0
LaLiga,2019,0.7491513766841441,0,1.61,-10.0,-50.0,50.0,10.0
LaLiga,2019,0.48379773661690867,0,2.25,-10.0,-17.708981477608887,17.708981477608887,10.0
LaLiga,2019,0.5092194850952928,1,2.2,12.000000000000002,30.070716802411077,25.058930668675895,10.0
LaLiga,2019,0.4306185788654715,1,2.45,14.500000000000002,13.753879555101323,9.485434175931946,10.0
LaLiga,2019,0.4641245138809868,1,2.4,14.0,28.474708328592058,20.339077377565758,10.0
LaLiga,2019,0.7408214878038528,1,1.61,6.100000000000001,30.500000000000004,50.0,10.0
LaLiga,2019,0.6711401009966624,0,1.9,-10.0,-50.0,50.0,10.0
LaLiga,2019,0.5412452819576464,1,2.4,14.0,70.0,50.0,10.0
LaLiga,2019,0.494550039063477,0,2.15,-10.0,-13.757083475320753,13.757083475320753,10.0
LaLiga,2019,0.5958565927072502,1,2.3,12.999999999999998,64.99999999999999,50.0,10.0
LaLiga,2019,0.5003668915758365,0,2.4,-10.0,-35.871524961072765,35.871524961072765,10.0
LaLiga,2019,0.5169730402443812,1,2.1,11.0,21.41084612830013,19.464405571181935,10.0
LaLiga,2019,0.7237611708260917,1,1.6,6.000000000000001,30.000000000000004,50.0,10.0
LaLiga,2019,0.663473097701401,0,1.65,-10.0,-36.434850464350546,36.434850464350546,10.0
LaLiga,2019,0.7837017425216354,0,1.44,-10.0,-50.0,50.0,10.0
LaLiga,2019,0.809447477444775,1,1.4,3.999999999999999,19.999999999999996,50.0,10.0
LaLiga,2019,0.46135908826841593,0,2.3,-10.0,-11.754981349491645,11.754981349491645,10.0
LaLiga,2019,0.5425905343296978,1,2.15,11.5,41.6424122022126,36.210793219315306,10.0
LaLiga,2019,0.529782044188264,0,2.05,-10.0,-20.488854901414573,20.488854901414573,10.0
LaLiga,2019,0.48942106336634955,1,2.4,14.0,43.65263801980973,31.180455728435522,10.0
LaLiga,2019,0.6391760718772693,0,1.66,-10.0,-23.1182876197981,23.1182876197981,10.0
LaLiga,2019,0.4473607957027044,0,2.37,-10.0,-10.993628798432358,10.993628798432358,10.0
LaLiga,2019,0.5209299749727884,0,2.3,-10.0,-38.10364277642561,38.10364277642561,10.0
LaLiga,2019,0.7379190333179038,1,1.5,5.0,25.0,50.0,10.0
LaLiga,2019,0.4638478191544981,0,2.3,-10.0,-12.855766164489538,12.855766164489538,10.0
LaLiga,2019,0.5048273360143959,0,2.37,-10.0,-35.8468588237442,35.8468588237442,10.0
LaLiga,2019,0.5257937716483794,0,2.3,-10.0,-40.25493745986009,40.25493745986009,10.0
LaLiga,2020,0.5087563761060044,1,2.1,11.0,17.097097455652353,15.542815868774866,10.0
LaLiga,2020,0.7242514980050485,1,1.5,5.0,21.59431175189319,43.18862350378638,10.0
LaLiga,2020,0.4921972431908725,0,2.3,-10.0,-25.394934488270522,25.394934488270522,10.0
LaLiga,2020,0.6884684754200189,1,1.53,5.300000000000001,13.339191848157238,25.168286505957052,10.0
LaLiga,2020,0.4899186037146126,1,2.25,12.5,25.579214589469604,20.463371671575683,10.0
LaLiga,2020,0.47696614059478976,0,2.3,-10.0,-18.658100647695466,18.658100647695466,10.0
LaLiga,2020,0.4554765471221092,0,2.37,-10.0,-14.50354318967132,14.50354318967132,10.0
LaLiga,2020,0.5552166730144211,0,2.25,-10.0,-49.84750285648949,49.84750285648949,10.0
LaLiga,2020,0.8010308411760881,1,1.4,3.999999999999999,19.999999999999996,50.0,10.0
LaLiga,2020,0.8049794124389354,1,1.4,3.999999999999999,19.999999999999996,50.0,10.0
LaLiga,2020,0.46029993589970825,0,2.3,-10.0,-11.28651010948633,11.28651010948633,10.0
LaLiga,2020,0.7061189404374012,1,1.53,5.300000000000001,20.09049471730595,37.906593806237645,10.0
LaLiga,2020,0.6826257586641105,0,2.0,-10.0,-50.0,50.0,10.0
LaLiga,2020,0.7777073601905523,1,1.44,4.3999999999999995,21.999999999999996,50.0,10.0
LaLiga,2020,0.4468719258277882,0,2.35,-10.0,-9.286856610241172,9.286856610241172,10.0
LaLiga,2020,0.7708501410858872,1,1.44,4.3999999999999995,21.999999999999996,50.0,10.0
LaLiga,2020,0.44874081489235246,0,2.37,-10.0,-11.59046191512323,11.59046191512323,10.0
LaLiga,2020,0.8035502868386467,1,1.5,5.0,25.0,50.0,10.0
LaLiga,2020,0.48651745797795704,1,2.45,14.500000000000002,47.991943011498726,33.097891732068085,10.0
LaLiga,2020,0.7183224374359808,0,1.53,-10.0,-46.71383456464653,46.71383456464653,10.0
LaLiga,2020,0.6595397582461339,1,1.66,6.6,23.708999672145513,35.922726775978056,10.0
LaLiga,2020,0.5658275908538536,0,2.15,-10.0,-47.07159137734461,47.07159137734461,10.0
LaLiga,2020,0.4909064324667837,0,2.2,-10.0,-16.665448213942547,16.665448213942547,10.0
LaLiga,2020,0.5626404760098109,1,2.0,10.0,31.320238004905466,31.320238004905466,10.0
LaLiga,2020,0.7851216488663538,1,1.4,3.999999999999999,19.999999999999996,50.0,10.0
LaLiga,2020,0.5354973405840872,1,2.0,10.0,17.748670292043577,17.748670292043577,10.0
LaLiga,2020,0.8070580007727802,1,1.4,3.999999999999999,19.999999999999996,50.0,10.0
LaLiga,2020,0.6147920422028935,0,2.37,-10.0,-50.0,50.0,10.0
LaLiga,2020,0.5239424202351093,1,2.37,13.700000000000001,60.435883989302276,44.11378393379728,10.0
LaLiga,2020,0.7706581285678539,0,1.45,-10.0,-50.0,50.0,10.0
LaLiga,2020,0.7745362077164053,1,1.4,3.999999999999999,19.999999999999996,50.0,10.0
LaLiga,2020,0.8375390163929257,0,1.57,-10.0,-50.0,50.0,10.0
LaLiga,2020,0.6325207874071418,1,2.35,13.5,67.5,50.0,10.0
LaLiga,2020,0.7645653510769113,1,1.4,3.999999999999999,17.59787287691894,43.99468219229736,10.0
LaLiga,2021,0.5160278265461095,0,2.25,-10.0,-32.21252194574924,32.21252194574924,10.0
LaLiga,2021,0.7543676270508125,1,1.44,4.3999999999999995,21.572345738292476,49.02805849611927,10.0
LaLiga,2021,0.7683941130642228,1,1.4,3.999999999999999,18.937939572477973,47.34484893119494,10.0
LaLiga,2021,0.5770399887787026,1,1.9,9.0,24.09399466988371,26.77110518875968,10.0
LaLiga,2021,0.4723959744738564,1,2.37,13.700000000000001,29.89461487575995,21.8208867706277,10.0
LaLiga,2021,0.7024142889171537,0,1.65,-10.0,-50.0,50.0,10.0
LaLiga,2021,0.6042016463246505,0,2.0,-10.0,-50.0,50.0,10.0
LaLiga,2021,0.6894417585039928,1,1.57,5.700000000000001,20.60589021281717,36.15068458388976,10.0
LaLiga,2021,0.8012946498217169,1,1.4,3.999999999999999,19.999999999999996,50.0,10.0
LaLiga,2021,0.7560659973802516,1,1.4,3.999999999999999,14.623099083088064,36.55774770772017,10.0
LaLiga,2021,0.6563029532061349,0,1.66,-10.0,-33.887463000827196,33.887463000827196,10.0
LaLiga,2021,0.6643817121223057,1,1.6,6.000000000000001,15.752684848922284,26.2544747482038,10.0
LaLiga,2021,0.47065678795748306,1,2.45,14.500000000000002,38.277282623958406,26.39812594755752,10.0
LaLiga,2021,0.6394696386627899,0,2.1,-10.0,-50.0,50.0,10.0
LaLiga,2021,0.7922641101255276,1,1.44,4.3999999999999995,21.999999999999996,50.0,10.0
LaLiga,2021,0.6595185706397545,1,1.66,6.6,23.700206815498117,35.90940426590624,10.0
LaLiga,2021,0.7700404527552885,1,1.44,4.3999999999999995,21.999999999999996,50.0,10.0
LaLiga,2021,0.5448911877633448,1,2.0,10.0,22.445593881672387,22.445593881672387,10.0
LaLiga,2021,0.4813112070456212,0,2.4,-10.0,-27.70480301955195,27.70480301955195,10.0
LaLiga,2021,0.520653683887335,1,2.15,11.5,29.851355089442535,25.95770007777612,10.0
LaLiga,2021,0.45352231900416656,1,2.4,14.0,22.113391402499904,15.795279573214218,10.0
LaLiga,2021,0.843833420701559,1,1.44,4.3999999999999995,21.999999999999996,50.0,10.0
LaLiga,2021,0.45094982830947133,1,2.37,13.700000000000001,17.187773273361795,12.545819907563352,10.0
LaLiga,2021,0.6239772840586949,1,2.2,12.000000000000002,60.00000000000001,50.0,10.0
LaLiga,2021,0.7000603494857126,1,1.6,6.000000000000001,30.000000000000004,50.0,10.0
LaLiga,2021,0.6025217324406879,0,1.95,-10.0,-46.03088901561616,46.03088901561616,10.0
LaLiga,2021,0.4682122257504407,0,2.3,-10.0,-14.786176774233383,14.786176774233383,10.0
LaLiga,2021,0.4910119454363849,1,2.3,12.999999999999998,32.3318686259213,24.87066817378562,10.0
LaLiga,2021,0.561915707332547,0,2.05,-10.0,-36.17314286469556,36.17314286469556,10.0
LaLiga,2021,0.6358245986182962,0,1.95,-10.0,-50.0,50.0,10.0
LaLiga,2021,0.5061868429291194,0,2.3,-10.0,-31.582642064802823,31.582642064802823,10.0
LaLiga,2021,0.508324073490392,0,2.1,-10.0,-15.336489620414348,15.336489620414348,10.0
LaLiga,2021,0.5324055388897927,0,2.15,-10.0,-31.45041491588138,31.45041491588138,10.0
LaLiga,2021,0.5583606794699774,0,2.2,-10.0,-47.58197809040631,47.58197809040631,10.0
LaLiga,2021,0.719787342309567,1,1.5,5.0,19.920253366087604,39.84050673217521,10.0
LaLiga,2021,0.7378955472801979,0,1.61,-10.0,-50.0,50.0,10.0
LaLiga,2021,0.5233573058436295,1,2.1,11.0,24.762585567905507,22.51144142536864,10.0
LaLiga,2021,0.7457763782666896,1,1.45,4.5,20.343937121674983,45.208749159277744,10.0
LaLiga,2021,0.5030395759738251,0,2.25,-10.0,-26.3678091882213,26.3678091882213,10.0
LaLiga,2021,0.7268596954899221,0,1.65,-10.0,-50.0,50.0,10.0
LaLiga,2021,0.5847205043886965,0,2.1,-10.0,-50.0,50.0,10.0
LaLiga,2022,0.4676357982649571,0,2.45,-10.0,-25.122018232611193,25.122018232611193,10.0
LaLiga,2022,0.6264707754758713,1,1.8,8.0,31.911848964142067,39.88981120517758,10.0
LaLiga,2022,0.5174075841675326,0,2.3,-10.0,-36.545662227947105,36.545662227947105,10.0
LaLiga,2022,0.7362736685017374,1,1.45,4.5,16.899204831879786,37.55378851528842,10.0
LaLiga,2022,0.7040376973211077,1,1.57,5.700000000000001,26.334796198534793,46.201396839534716,10.0
LaLiga,2022,0.48724059243897805,0,2.25,-10.0,-19.258266597540132,19.258266597540132,10.0
LaLiga,2022,0.7415100641010489,0,1.55,-10.0,-50.0,50.0,10.0
LaLiga,2022,0.7339952841154952,1,1.55,5.5,27.500000000000004,50.0,10.0
LaLiga,2022,0.691093162498456,1,1.55,5.5,17.798600468151683,32.361091760275784,10.0
LaLiga,2022,0.5397114466595724,1,2.4,14.0,70.0,50.0,10.0
LaLiga,2022,0.5775669964068099,0,2.2,-10.0,-50.0,50.0,10.0
LaLiga,2022,0.8165435172217547,0,1.44,-10.0,-50.0,50.0,10.0
LaLiga,2022,0.6590378242932441,1,1.8,8.0,40.0,50.0,10.0
LaLiga,2022,0.5667418159942487,1,2.0,10.0,33.370907997124334,33.370907997124334,10.0
LaLiga,2022,0.8080606513198406,1,1.53,5.300000000000001,26.5,50.0,10.0
LaLiga,2022,0.5422945564572742,0,2.1,-10.0,-31.549674672789962,31.549674672789962,10.0
LaLiga,2022,0.6969275843513896,0,1.53,-10.0,-31.273209461144347,31.273209461144347,10.0
LaLiga,2022,0.48397288869833416,1,2.38,13.799999999999999,37.963868775508836,27.510049837325244,10.0
LaLiga,2022,0.6812941573236331,0,1.62,-10.0,-41.813118896889414,41.813118896889414,10.0
LaLiga,2022,0.7316666537911837,1,1.55,5.5,27.500000000000004,50.0,10.0
LaLiga,2022,0.5324154352435425,1,2.1,11.0,29.518103502859827,26.834639548054387,10.0
LaLiga,2022,0.4937591817623325,0,2.15,-10.0,-13.387443649785865,13.387443649785865,10.0
LaLiga,2022,0.6933014494303177,1,1.62,6.200000000000001,30.787087019278683,49.65659196657851,10.0
LaLiga,2023,0.4472362737649272,0,2.45,-10.0,-16.504977711046855,16.504977711046855,10.0
LaLiga,2023,0.5257230985883771,0,2.4,-10.0,-46.73847082359017,46.73847082359017,10.0
LaLiga,2023,0.48038533684454626,1,2.2,12.000000000000002,14.211935264500486,11.843279387083737,10.0
LaLiga,2023,0.5787941168458538,0,2.05,-10.0,-44.41141417476197,44.41141417476197,10.0
LaLiga,2023,0.5362586763970169,0,2.25,-10.0,-41.31640437865758,41.31640437865758,10.0
LaLiga,2023,0.5005575513736972,0,2.25,-10.0,-25.250898118163743,25.250898118163743,10.0
LaLiga,2023,0.6062067764692253,1,2.2,12.000000000000002,60.00000000000001,50.0,10.0
LaLiga,2023,0.7436426031136018,1,1.95,9.5,47.5,50.0,10.0
LaLiga,2023,0.4766492441316819,1,2.3,12.999999999999998,24.07331537571705,18.517934904397734,10.0
LaLiga,2023,0.7004640502437901,1,1.62,6.200000000000001,31.000000000000007,50.0,10.0
LaLiga,2023,0.5206603106847072,0,2.25,-10.0,-34.29713980811826,34.29713980811826,10.0
LaLiga,2023,0.5649868302761245,0,2.2,-10.0,-50.0,50.0,10.0
LaLiga,2023,0.5362625399514113,1,2.15,11.5,38.24111522388357,33.25314367294224,10.0
LaLiga,2023,0.5247874009948464,1,2.38,13.799999999999999,62.24850359193363,45.10761129850263,10.0
LaLiga,2023,0.5767654922054287,1,2.0,10.0,38.38274610271436,38.38274610271436,10.0
LaLiga,2023,0.43986107091118026,0,2.45,-10.0,-13.389590298688214,13.389590298688214,10.0
LaLiga,2023,0.48845790770165154,1,2.2,12.000000000000002,18.651849235908347,15.543207696590287,10.0
LaLiga,2023,0.47312762958683807,1,2.4,14.0,33.87657775210285,24.19755553721632,10.0
LaLiga,2023,0.6900491696553211,1,1.53,5.300000000000001,13.94380739316037,26.30907055313277,10.0
LaLiga,2023,0.4500008701116272,0,2.38,-10.0,-12.862693997404472,12.862693997404472,10.0
LaLiga,2023,0.5177294678915051,1,2.25,12.5,41.22282568897162,32.97826055117729,10.0
LaLiga,2023,0.5636035039731232,0,2.05,-10.0,-36.99694836783394,36.99694836783394,10.0
LaLiga,2023,0.6652197884832992,1,1.8,8.0,40.0,50.0,10.0
LaLiga,2023,0.5213893019839069,0,2.3,-10.0,-38.30680664672801,38.30680664672801,10.0
LaLiga,2023,0.4732362204154181,0,2.25,-10.0,-12.956299186938125,12.956299186938125,10.0
LaLiga,2023,0.5370762293978472,0,2.1,-10.0,-29.059109485336165,29.059109485336165,10.0
LaLiga,2023,0.4960709802320669,1,2.38,13.799999999999999,45.16223323807978,32.72625596962303,10.0
LaLiga,2023,0.5341238744851539,1,2.15,11.5,37.091582535770165,32.253550031104496,10.0
LaLiga,2023,0.5606181820126591,1,2.1,11.0,44.32454555664605,40.29504141513277,10.0
LaLiga,2023,0.5072846958412066,0,2.1,-10.0,-14.84042301512137,14.84042301512137,10.0
LaLiga,2023,0.5156333597667304,0,2.25,-10.0,-32.03501189502869,32.03501189502869,10.0
LaLiga,2023,0.5609622771118427,0,2.4,-10.0,-50.0,50.0,10.0
LaLiga,2023,0.46466450549636296,0,2.3,-10.0,-13.216992815698967,13.216992815698967,10.0
LaLiga,2024,0.48256813249635516,1,2.45,14.500000000000002,45.57298115401753,31.4296421751845,10.0
LaLiga,2024,0.5733571927310723,0,2.0,-10.0,-36.678596365536166,36.678596365536166,10.0
LaLiga,2024,0.49434110428223826,1,2.25,12.5,28.066871158759,22.4534969270072,10.0
LaLiga,2024,0.6320183324514385,1,1.67,6.699999999999999,13.867653798475542,20.697990743993348,10.0
LaLiga,2024,0.49689570462002347,1,2.3,12.999999999999998,35.71503015651345,27.473100120394964,10.0
LaLiga,2024,0.48642199539607933,1,2.2,12.000000000000002,17.532097467843677,14.610081223203062,10.0
LaLiga,2024,0.515704228899788,0,2.25,-10.0,-32.06690300490456,32.06690300490456,10.0
LaLiga,2024,0.44175729358683125,0,2.45,-10.0,-14.190580911678737,14.190580911678737,10.0
LaLiga,2024,0.7752377594072767,1,1.4,3.999999999999999,19.999999999999996,50.0,10.0
LaLiga,2024,0.5050420178394613,0,2.3,-10.0,-31.076277121300194,31.076277121300194,10.0
LaLiga,2024,0.5876213602455719,1,2.05,10.499999999999998,51.155947125855576,48.71994964367199,10.0
LaLiga,2024,0.4927556050907997,0,2.2,-10.0,-17.512985666616554,17.512985666616554,10.0
LaLiga,2024,0.5005324538685456,0,2.15,-10.0,-16.55321213421152,16.55321213421152,10.0
LaLiga,2024,0.505761173844607,1,2.15,11.5,21.84663094147621,18.997070383892357,10.0
LaLiga,2024,0.4730015196966668,1,2.45,14.500000000000002,39.71343081420848,27.388572975316187,10.0
LaLiga,2024,0.45848432958685154,1,2.45,14.500000000000002,30.821651871946578,21.256311635825224,10.0
LaLiga,2024,0.47564697514787774,0,2.25,-10.0,-14.041138816544985,14.041138816544985,10.0
LaLiga,2024,0.65000376690953,1,1.65,6.499999999999999,18.126553850181082,27.887005923355513,10.0
LaLiga,2024,0.6545582151907915,1,1.75,7.5,36.3692191459713,48.4922921946284,10.0
LaLiga,2024,0.7144318155628664,1,1.53,5.300000000000001,23.27016945279642,43.90598009961588,10.0
LaLiga,2024,0.6230629587078383,0,1.75,-10.0,-30.120059246239023,30.120059246239023,10.0
LaLiga,2024,0.6206394344219565,0,1.75,-10.0,-28.70633674614124,28.70633674614124,10.0
LaLiga,2024,0.5403737743939018,0,2.05,-10.0,-25.658627977975858,25.658627977975858,10.0
LaLiga,2024,0.6189669718624397,0,2.05,-10.0,-50.0,50.0,10.0
LaLiga,2024,0.47367179355537226,1,2.3,12.999999999999998,22.36128129433901,17.20098561103001,10.0
LaLiga,2024,0.6206394344219565,0,1.75,-10.0,-28.70633674614124,28.70633674614124,10.0
LaLiga,2024,0.6137276267959003,0,1.75,-10.0,-24.674448964275175,24.674448964275175,10.0
LaLiga,2024,0.4878530716632927,0,2.3,-10.0,-23.473474004917936,23.473474004917936,10.0
LaLiga,2024,0.5959242302150037,1,2.15,11.5,57.49999999999999,50.0,10.0
Premier,2015,0.5188813349083644,0,2.3,-10.0,-37.19751351716116,37.19751351716116,10.0
Premier,2015,0.5987991100373332,1,2.05,10.499999999999998,52.49999999999999,50.0,10.0
Premier,2015,0.6106149467285352,1,2.0,10.0,50.0,50.0,10.0
Premier,2015,0.5337027306246335,1,2.45,14.500000000000002,72.50000000000001,50.0,10.0
Premier,2015,0.462082208512913,0,2.3,-10.0,-12.074822996096099,12.074822996096099,10.0
Premier,2015,0.6708431456377818,0,1.67,-10.0,-44.891064632498335,44.891064632498335,10.0
Premier,2015,0.56376880282262,1,2.05,10.499999999999998,38.93151144659274,37.07762994913595,10.0
Premier,2015,0.5082007523515529,0,2.25,-10.0,-28.690338558198825,28.690338558198825,10.0
Premier,2015,0.5871927047239015,1,2.0,10.0,43.59635236195075,43.59635236195075,10.0
Premier,2015,0.7951282160752781,0,1.95,-10.0,-50.0,50.0,10.0
Premier,2015,0.63622002768507,0,2.1,-10.0,-50.0,50.0,10.0
Premier,2015,0.6029474109469737,1,1.75,7.5,13.789492289300988,18.385989719067982,10.0
Premier,2015,0.45568012084472115,1,2.45,14.500000000000002,29.104074017391735,20.07177518440809,10.0
Premier,2015,0.8748206151725687,1,1.4,3.999999999999999,19.999999999999996,50.0,10.0
Premier,2015,0.6942142365078326,1,1.57,5.700000000000001,22.479087829324342,39.436996191797085,10.0
Premier,2015,0.5790947388403453,1,2.15,11.5,57.49999999999999,50.0,10.0
Premier,2015,0.7714935581422148,0,1.44,-10.0,-50.0,50.0,10.0
Premier,2015,0.656839890536061,0,1.7,-10.0,-41.6527906826084,41.6527906826084,10.0
Premier,2015,0.5374919212038258,0,2.1,-10.0,-29.257507847280497,29.257507847280497,10.0
Premier,2015,0.8535854774238416,0,1.45,-10.0,-50.0,50.0,10.0
Premier,2015,0.4945862061171393,1,2.45,14.500000000000002,52.934051246747885,36.50624223913647,10.0
Premier,2015,0.7386109907113969,0,1.44,-10.0,-36.13626512750657,36.13626512750657,10.0
Premier,2015,0.8147000232951966,1,1.44,4.3999999999999995,21.999999999999996,50.0,10.0
Premier,2015,0.5513424708069579,0,2.1,-10.0,-35.867997430593554,35.867997430593554,10.0
Premier,2015,0.6013112954806489,0,1.85,-10.0,-33.06644018800012,33.06644018800012,10.0
Premier,2015,0.7336406239716822,1,1.55,5.5,27.500000000000004,50.0,10.0
Premier,2015,0.6113349826292721,1,1.75,7.5,17.459054900306526,23.278739867075366,10.0
Premier,2015,0.7866876649246648,0,1.44,-10.0,-50.0,50.0,10.0
Premier,2015,0.6812210364153541,1,2.05,10.499999999999998,52.49999999999999,50.0,10.0
Premier,2015,0.7990383682574375,1,1.4,3.999999999999999,19.999999999999996,50.0,10.0
Premier,2015,0.517214383880707,0,2.3,-10.0,-36.46020825492805,36.46020825492805,10.0
Premier,2015,0.5433526816849784,0,2.1,-10.0,-32.05468898601243,32.05468898601243,10.0
Premier,2015,0.6147628731294936,0,2.45,-10.0,-50.0,50.0,10.0
Premier,2015,0.611013695416147,0,1.95,-10.0,-50.0,50.0,10.0
Premier,2015,0.4554557255744809,1,2.45,14.500000000000002,28.966631914369547,19.976987527151408,10.0
Premier,2015,0.5057370405558156,0,2.25,-10.0,-27.58166825011701,27.58166825011701,10.0
Premier,2015,0.6290408760459579,0,2.15,-10.0,-50.0,50.0,10.0
Premier,2015,0.8121781370832984,1,1.44,4.3999999999999995,21.999999999999996,50.0,10.0
Premier,2015,0.5654610274860686,0,2.1,-10.0,-42.60639948198732,42.60639948198732,10.0
Premier,2015,0.7610120032841993,1,1.5,5.0,25.0,50.0,10.0
Premier,2015,0.5341670884832914,0,2.38,-10.0,-49.15175191852058,49.15175191852058,10.0
Premier,2015,0.8311069056181953,1,1.7,7.0,35.0,50.0,10.0
Premier,2015,0.5426463497891411,1,2.0,10.0,21.323174894570528,21.323174894570528,10.0
Premier,2015,0.7231569157199957,0,1.5,-10.0,-42.3676867899968,42.3676867899968,10.0
Premier,2015,0.47305932871211737,0,2.38,-10.0,-22.80456564036943,22.80456564036943,10.0
Premier,2015,0.5621867661838601,1,2.05,10.499999999999998,38.120717669228256,36.30544539926501,10.0
Premier,2015,0.746909000087891,1,1.57,5.700000000000001,28.500000000000004,50.0,10.0
Premier,2015,0.6085462888711245,0,2.25,-10.0,-50.0,50.0,10.0
Premier,2015,0.52145137594633,0,2.2,-10.0,-30.665213975401233,30.665213975401233,10.0
Premier,2015,0.558066105772954,1,2.25,12.5,62.5,50.0,10.0
Premier,2015,0.6351211150395732,1,2.1,11.0,55.00000000000001,50.0,10.0
Premier,2015,0.4791804353602931,0,2.4,-10.0,-26.791615154411318,26.791615154411318,10.0
Premier,2015,0.7199467209509637,1,1.53,5.300000000000001,25.379620763743617,47.8860769127238,10.0
Premier,2015,0.7201227944556522,0,1.57,-10.0,-50.0,50.0,10.0
Premier,2015,0.5497627885380586,0,2.1,-10.0,-35.11405816589162,35.11405816589162,10.0
Premier,2015,0.5145123734663835,0,2.05,-10.0,-13.035801334782366,13.035801334782366,10.0
Premier,2015,0.6996915754553982,0,2.3,-10.0,-50.0,50.0,10.0
Premier,2015,0.7336406239716822,1,1.67,6.699999999999999,33.5,50.0,10.0
Premier,2016,0.4573915531699608,0,2.4,-10.0,-17.453522787126023,17.453522787126023,10.0
Premier,2016,0.48707439593055973,0,2.38,-10.0,-28.8472938975964,28.8472938975964,10.0
Premier,2016,0.5310284259205413,0,2.2,-10.0,-35.054695213581475,35.054695213581475,10.0
Premier,2016,0.5529693458260159,1,2.05,10.499999999999998,33.3967897358331,31.80646641507915,10.0
Premier,2016,0.5020485260288122,1,2.2,12.000000000000002,26.126689315846775,21.772241096538977,10.0
Premier,2016,0.5229402967767253,1,2.05,10.499999999999998,18.006902098071656,17.149430569592056,10.0
Premier,2016,0.4462456892084292,1,2.4,14.0,17.747413525057542,12.676723946469675,10.0
Premier,2016,0.5091256601910606,1,2.35,13.5,49.11132536224815,36.37875952759122,10.0
Premier,2016,0.4878760188998024,1,2.38,13.799999999999999,40.28623124538244,29.19292119230612,10.0
Premier,2016,0.507236255277698,0,2.15,-10.0,-19.686510618924068,19.686510618924068,10.0
Premier,2016,0.5814294461983097,1,2.15,11.5,57.49999999999999,50.0,10.0
Premier,2016,0.554917568669111,1,2.1,11.0,41.33172355128328,37.57429413753025,10.0
Premier,2016,0.5779484016053077,0,2.2,-10.0,-50.0,50.0,10.0
Premier,2016,0.7243831337517479,1,1.53,5.300000000000001,26.5,50.0,10.0
Premier,2016,0.5521015742825716,0,2.0,-10.0,-26.05078714128578,26.05078714128578,10.0
Premier,2016,0.4291056772905348,1,2.45,14.500000000000002,12.82722734045255,8.846363683070724,10.0
Premier,2016,0.5529335984923581,1,2.4,14.0,70.0,50.0,10.0
Premier,2016,0.4373886637603022,0,2.45,-10.0,-12.345211415989738,12.345211415989738,10.0
Premier,2016,0.5066242460672227,0,2.25,-10.0,-27.98091073025022,27.98091073025022,10.0
Premier,2016,0.44333008328260454,0,2.45,-10.0,-14.854948972824351,14.854948972824351,10.0
Premier,2016,0.5071485651623079,1,2.1,11.0,16.25299671021163,14.775451554737845,10.0
Premier,2017,0.6076790339342839,0,1.85,-10.0,-36.53123905247804,36.53123905247804,10.0
Premier,2017,0.4686401098963615,0,2.4,-10.0,-22.274332812726374,22.274332812726374,10.0
Premier,2017,0.4549262167628361,0,2.4,-10.0,-16.39695004121549,16.39695004121549,10.0
Premier,2017,0.4786018387014515,1,2.38,13.799999999999999,34.76809402736364,25.19427103432148,10.0
Premier,2017,0.45693282217684644,0,2.38,-10.0,-15.851470431321454,15.851470431321454,10.0
Premier,2017,0.4910853643086874,0,2.15,-10.0,-12.137724622538675,12.137724622538675,10.0
Premier,2017,0.6589929139293427,0,1.67,-10.0,-37.506778455971,37.506778455971,10.0
Premier,2017,0.520215113041674,0,2.14,-10.0,-24.83779427832948,24.83779427832948,10.0
Premier,2017,0.48303896150933506,1,2.25,12.5,21.70941584900099,17.367532679200792,10.0
Premier,2017,0.47180474974414727,0,2.39,-10.0,-22.95204170656692,22.95204170656692,10.0
Premier,2017,0.5261993215066139,1,2.2,12.000000000000002,39.409626828637634,32.84135569053136,10.0
Premier,2017,0.5246922679648474,0,2.39,-10.0,-45.68606482661603,45.68606482661603,10.0
Premier,2017,0.47775586011997256,0,2.37,-10.0,-24.138939504440696,24.138939504440696,10.0
Premier,2017,0.520215113041674,1,2.37,13.700000000000001,58.22745447719185,42.50179158919113,10.0
Premier,2017,0.589121243938838,0,1.95,-10.0,-39.1543225475616,39.1543225475616,10.0
Premier,2017,0.4985158182029457,1,2.29,12.9,35.40030592118643,27.44209761332281,10.0
Premier,2017,0.5667188694922808,0,2.1,-10.0,-43.2067331667704,43.2067331667704,10.0
Premier,2017,0.5037237394960472,1,2.29,12.9,38.38184086148705,29.75336500890469,10.0
Premier,2017,0.7006042959701686,1,1.8,8.0,40.0,50.0,10.0
Premier,2017,0.6161024378809308,0,1.72,-10.0,-20.727844845555875,20.727844845555875,10.0
Premier,2017,0.4553937527251238,0,2.37,-10.0,-14.467736123821794,14.467736123821794,10.0
Premier,2017,0.6577065002910764,0,2.14,-10.0,-50.0,50.0,10.0
Premier,2017,0.4897004671148934,0,2.2,-10.0,-16.112714094326147,16.112714094326147,10.0
Premier,2017,0.4842302595258203,1,2.35,13.5,34.48527747141944,25.544649978829213,10.0
Premier,2017,0.5189963514285358,0,2.04,-10.0,-14.123210796685843,14.123210796685843,10.0
Premier,2017,0.5438214827477551,0,2.1,-10.0,-32.2784349477922,32.2784349477922,10.0
Premier,2017,0.4993523747989485,1,2.25,12.5,30.885710824408555,24.708568659526843,10.0
Premier,2017,0.5059328591613282,1,2.37,13.700000000000001,49.76521905308701,36.32497741101241,10.0
Premier,2017,0.5391300274903907,1,2.29,12.9,58.65194073824869,45.46662072732457,10.0
Premier,2017,0.5573132813325011,1,2.2,12.000000000000002,56.522304732875675,47.10192061072972,10.0
Premier,2017,0.5454238898548147,0,2.29,-10.0,-48.259827086729786,48.259827086729786,10.0
Premier,2017,0.47360894635916867,0,2.29,-10.0,-16.38846650435973,16.38846650435973,10.0
Premier,2017,0.48551480499591043,0,2.39,-10.0,-28.845392795004678,28.845392795004678,10.0
Premier,2017,0.45794826214163714,0,2.37,-10.0,-15.57251483132849,15.57251483132849,10.0
Premier,2017,0.6451253364399929,1,1.85,8.5,42.50000000000001,50.0,10.0
Premier,2017,0.6835509425546061,1,1.55,5.5,14.875990239909875,27.047254981654316,10.0
Premier,2017,0.520501500722898,1,2.29,12.9,47.987109163859124,37.199309429348155,10.0
Premier,2017,0.476926098459505,0,2.25,-10.0,-14.61674430677724,14.61674430677724,10.0
Premier,2017,0.6126381731046946,0,1.85,-10.0,-39.22959418931915,39.22959418931915,10.0
Premier,2017,0.5046304056564768,1,2.1,11.0,14.930962969650297,13.573602699682088,10.0
Premier,2017,0.48806239742057606,0,2.25,-10.0,-19.62807883925923,19.62807883925923,10.0
Premier,2017,0.6330779113371383,1,2.25,12.5,62.5,50.0,10.0
Premier,2017,0.6593824192626162,0,1.8,-10.0,-50.0,50.0,10.0
Premier,2018,0.677521383971795,1,1.57,5.700000000000001,15.927143208929518,27.942356506893887,10.0
Premier,2018,0.6560007823972909,1,2.04,10.4,52.0,50.0,10.0
Premier,2018,0.46385084930983256,0,2.37,-10.0,-18.125276070128333,18.125276070128333,10.0
Premier,2018,0.4704765673120234,0,2.45,-10.0,-26.32199826111334,26.32199826111334,10.0
Premier,2018,0.4837419240239211,0,2.3,-10.0,-21.655081779811212,21.655081779811212,10.0
Premier,2018,0.570721929940832,1,2.45,14.500000000000002,72.50000000000001,50.0,10.0
Premier,2018,0.5536734869210901,1,1.95,9.5,19.915824874031433,20.96402618319098,10.0
Premier,2018,0.5576999238299974,0,2.0,-10.0,-28.849961914998723,28.849961914998723,10.0
Premier,2018,0.5138213507462228,0,2.1,-10.0,-17.9601901288791,17.9601901288791,10.0
Premier,2018,0.581879372400888,0,1.85,-10.0,-22.493187924012656,22.493187924012656,10.0
Premier,2018,0.492812412290119,0,2.14,-10.0,-11.977754890538337,11.977754890538337,10.0
Premier,2018,0.5299521116479621,0,2.04,-10.0,-19.49574705813526,19.49574705813526,10.0
Premier,2018,0.6778104315120271,1,1.9,9.0,44.99999999999999,50.0,10.0
Premier,2018,0.7136103295334486,1,1.53,5.300000000000001,22.955951046544076,43.31311518215863,10.0
Premier,2018,0.6586338598570202,0,1.66,-10.0,-35.35310884948995,35.35310884948995,10.0
Premier,2018,0.4681377048608683,0,2.45,-10.0,-25.334030501573675,25.334030501573675,10.0
Premier,2018,0.44774991970042066,0,2.37,-10.0,-11.161917826641778,11.161917826641778,10.0
Premier,2018,0.49437907435117606,0,2.3,-10.0,-26.35997519378939,26.35997519378939,10.0
Premier,2018,0.5703182827435205,0,2.0,-10.0,-35.15914137176024,35.15914137176024,10.0
Premier,2018,0.5559645899900064,0,2.14,-10.0,-41.61496109180127,41.61496109180127,10.0
Premier,2018,0.5424157420173933,0,2.25,-10.0,-44.08708390782699,44.08708390782699,10.0
Premier,2018,0.5067284683784492,0,2.25,-10.0,-28.027810770302164,28.027810770302164,10.0
Premier,2018,0.5239052854240036,0,2.05,-10.0,-17.62043693314458,17.62043693314458,10.0
Premier,2018,0.7945637539593416,1,1.66,6.6,32.99999999999999,50.0,10.0
Premier,2018,0.5400131301046477,0,2.37,-10.0,-50.0,50.0,10.0
Premier,2018,0.6154243496518004,1,2.05,10.499999999999998,52.49999999999999,50.0,10.0
Premier,2018,0.5156562444358173,0,2.1,-10.0,-18.835934844367344,18.835934844367344,10.0
Premier,2018,0.5411005303726936,0,2.25,-10.0,-43.4952386677121,43.4952386677121,10.0
Premier,2018,0.7892979577306409,1,1.5,5.0,25.0,50.0,10.0
Premier,2018,0.5555808001894292,0,2.05,-10.0,-33.081104854364234,33.081104854364234,10.0
Premier,2018,0.46210876979141063,0,2.3,-10.0,-12.086571253893164,12.086571253893164,10.0
Premier,2018,0.7536722007996643,1,1.4,3.999999999999999,13.785270279882521,34.46317569970631,10.0
Premier,2018,0.6915602869165766,0,1.53,-10.0,-27.39964102941609,27.39964102941609,10.0
Premier,2018,0.5466518264986489,1,2.4,14.0,70.0,50.0,10.0
Premier,2018,0.584656505969689,0,2.2,-10.0,-50.0,50.0,10.0
Premier,2018,0.4769212846188637,0,2.25,-10.0,-14.614578078488671,14.614578078488671,10.0
Premier,2019,0.4725910163560818,0,2.4,-10.0,-23.96757843832075,23.96757843832075,10.0
Premier,2019,0.6831864199545165,1,1.8,8.0,40.0,50.0,10.0
Premier,2019,0.7027654126992736,1,1.5,5.0,13.537029762227593,27.074059524455187,10.0
Premier,2019,0.7242900871618897,1,2.15,11.5,57.49999999999999,50.0,10.0
Premier,2019,0.529217795301471,1,2.2,12.000000000000002,41.069787415809024,34.224822846507514,10.0
Premier,2019,0.5443090512039878,0,2.37,-10.0,-50.0,50.0,10.0
Premier,2019,0.823372358607419,1,1.4,3.999999999999999,19.999999999999996,50.0,10.0
Premier,2019,0.8948138625253739,1,1.4,3.999999999999999,19.999999999999996,50.0,10.0
Premier,2019,0.590059146032579,0,1.9,-10.0,-33.64232707275002,33.64232707275002,10.0
Premier,2019,0.49576172554229264,0,2.37,-10.0,-31.926147725407578,31.926147725407578,10.0
Premier,2019,0.5145876378384063,1,2.35,13.5,52.32023723006373,38.75573128152869,10.0
Premier,2019,0.6384806390817984,0,1.9,-10.0,-50.0,50.0,10.0
Premier,2019,0.536988830709888,0,2.1,-10.0,-29.017396475173822,29.017396475173822,10.0
Premier,2019,0.6587177884050625,1,1.75,7.5,37.5,50.0,10.0
Premier,2019,0.7792545637037086,1,1.6,6.000000000000001,30.000000000000004,50.0,10.0
Premier,2019,0.7352773837917493,0,1.75,-10.0,-50.0,50.0,10.0
Premier,2019,0.7755665129169574,0,1.45,-10.0,-50.0,50.0,10.0
Premier,2019,0.7138303784663028,0,1.57,-10.0,-50.0,50.0,10.0
Premier,2019,0.49733157667212424,0,2.3,-10.0,-27.66588968190111,27.66588968190111,10.0
Premier,2019,0.6132467382877852,0,2.4,-10.0,-50.0,50.0,10.0
Premier,2019,0.6979824712915371,1,1.53,5.300000000000001,16.978295269012953,32.03451937549614,10.0
Premier,2019,0.610658531669069,1,2.1,11.0,55.00000000000001,50.0,10.0
Premier,2019,0.621061628948627,0,1.95,-10.0,-50.0,50.0,10.0
Premier,2019,0.6381433499476561,0,1.66,-10.0,-22.468924588298922,22.468924588298922,10.0
Premier,2019,0.5237653251163971,1,2.2,12.000000000000002,38.070928814018416,31.72577401168201,10.0
Premier,2019,0.6907169901004057,0,2.25,-10.0,-50.0,50.0,10.0
Premier,2019,0.7041508020836842,0,2.2,-10.0,-50.0,50.0,10.0
Premier,2019,0.6289690192480228,1,1.85,8.5,40.89817140221058,48.11549576730656,10.0
Premier,2019,0.6330378776938422,1,1.7,7.0,19.041098019882963,27.201568599832804,10.0
Premier,2019,0.7493238201038764,0,1.72,-10.0,-50.0,50.0,10.0
Premier,2019,0.6679331717786622,0,2.45,-10.0,-50.0,50.0,10.0
Premier,2019,0.4859724389213363,0,2.45,-10.0,-32.86766816504722,32.86766816504722,10.0
Premier,2019,0.682923474958184,1,1.66,6.6,32.99999999999999,50.0,10.0
Premier,2019,0.6890011830326636,0,2.3,-10.0,-50.0,50.0,10.0
Premier,2019,0.46133335741549786,0,2.4,-10.0,-19.142867463784782,19.142867463784782,10.0
Premier,2019,0.64329655926014,1,2.1,11.0,55.00000000000001,50.0,10.0
Premier,2019,0.5265083246643766,0,2.3,-10.0,-40.57098975539733,40.57098975539733,10.0
Premier,2019,0.6920477128566684,0,2.0,-10.0,-50.0,50.0,10.0
Premier,2019,0.60527952002611,1,2.25,12.5,62.5,50.0,10.0
Premier,2019,0.6335626064716838,1,2.0,10.0,50.0,50.0,10.0
Premier,2019,0.49742452840576207,0,2.37,-10.0,-32.64527962074019,32.64527962074019,10.0
Premier,2019,0.5440779249177546,0,2.25,-10.0,-44.83506621298958,44.83506621298958,10.0
Premier,2020,0.7514824209606936,1,1.4,3.999999999999999,13.018847336242757,32.5471183406069,10.0
Premier,2020,0.740374945789846,1,1.5,5.0,25.0,50.0,10.0
Premier,2020,0.6248891052859247,0,2.1,-10.0,-50.0,50.0,10.0
Premier,2020,0.7277919024029088,0,1.57,-10.0,-50.0,50.0,10.0
Premier,2020,0.5413413507215096,1,2.0,10.0,20.670675360754785,20.670675360754785,10.0
Premier,2020,0.5623213770861102,0,2.0,-10.0,-31.160688543055095,31.160688543055095,10.0
Premier,2020,0.4795142916747381,1,2.4,14.0,37.708575004842814,26.93469643203058,10.0
Premier,2020,0.519152481021365,0,2.05,-10.0,-15.300615736618623,15.300615736618623,10.0
Premier,2020,0.7319276536474492,1,1.5,5.0,24.47287011779342,48.94574023558684,10.0
Premier,2020,0.6336820519199642,1,2.45,14.500000000000002,72.50000000000001,50.0,10.0
Premier,2020,0.5203069246797356,0,2.25,-10.0,-34.138116105881004,34.138116105881004,10.0
Premier,2020,0.5263364173503985,1,2.0,10.0,13.168208675199244,13.168208675199244,10.0
Premier,2020,0.5414564040278637,0,2.25,-10.0,-43.65538181253866,43.65538181253866,10.0
Premier,2020,0.5000992782192576,1,2.45,14.500000000000002,56.31080790929532,38.835039937445046,10.0
Premier,2020,0.5233558233699244,0,2.05,-10.0,-17.352247121034488,17.352247121034488,10.0
Premier,2020,0.6882549791077778,1,1.66,6.6,32.99999999999999,50.0,10.0
Premier,2020,0.5060086421694817,0,2.3,-10.0,-31.50382249803997,31.50382249803997,10.0
Premier,2020,0.5097018371940167,0,2.1,-10.0,-15.99405866078071,15.99405866078071,10.0
Premier,2020,0.6358426715316576,1,2.37,13.700000000000001,68.5,50.0,10.0
Premier,2020,0.6782309884074175,0,1.6,-10.0,-35.48732560494501,35.48732560494501,10.0
Premier,2020,0.5600351109955684,0,2.05,-10.0,-35.2552327478369,35.2552327478369,10.0
Premier,2020,0.5953768871186588,1,2.0,10.0,47.688443559329386,47.688443559329386,10.0
Premier,2020,0.7326734937304851,1,1.45,4.5,15.594141477300814,34.65364772733515,10.0
Premier,2020,0.7150986145453081,1,1.66,6.6,32.99999999999999,50.0,10.0
Premier,2020,0.4849261124354052,1,2.37,13.700000000000001,37.31872161797755,27.239942786844928,10.0
Premier,2020,0.705950387034803,0,2.0,-10.0,-50.0,50.0,10.0
Premier,2020,0.5590794247776758,1,1.9,9.0,15.562726769396019,17.291918632662245,10.0
Premier,2020,0.6203019184339151,0,2.25,-10.0,-50.0,50.0,10.0
Premier,2020,0.8249878090119512,0,1.45,-10.0,-50.0,50.0,10.0
Premier,2020,0.5895204969759701,1,2.05,10.499999999999998,52.129254700184646,49.6469092382711,10.0
Premier,2020,0.5853790089352483,1,2.15,11.5,57.49999999999999,50.0,10.0
Premier,2020,0.49652120277340933,1,2.25,12.5,29.293176560042767,23.434541248034215,10.0
Premier,2020,0.6541886065590282,1,1.61,6.100000000000001,13.3109141400089,21.821170721326062,10.0
Premier,2020,0.7556010660603643,1,1.5,5.0,25.0,50.0,10.0
Premier,2020,0.7005748778169418,1,1.66,6.6,32.99999999999999,50.0,10.0
Premier,2020,0.7469262230938124,0,1.75,-10.0,-50.0,50.0,10.0
Premier,2020,0.7699363393723795,1,1.8,8.0,40.0,50.0,10.0
Premier,2020,0.5989832225538668,1,2.0,10.0,49.49161127693341,49.49161127693341,10.0
Premier,2020,0.7373841514482314,0,1.5,-10.0,-50.0,50.0,10.0
Premier,2020,0.7578303188491166,1,1.44,4.3999999999999995,21.999999999999996,50.0,10.0
Premier,2021,0.48388382408750813,0,2.45,-10.0,-31.985408450757742,31.985408450757742,10.0
Premier,2021,0.6350716993212814,1,1.75,7.5,27.84386845306058,37.12515793741411,10.0
Premier,2021,0.6645156297419087,1,1.61,6.100000000000001,17.467540971118247,28.635313067406955,10.0
Premier,2021,0.5495629898533059,0,2.2,-10.0,-43.54970368276519,43.54970368276519,10.0
Premier,2021,0.5103615606147868,1,2.1,11.0,17.93981932276306,16.308926657057327,10.0
Premier,2021,0.5980554437629818,0,2.15,-10.0,-50.0,50.0,10.0
Premier,2021,0.45505498380513365,0,2.4,-10.0,-16.452135916485858,16.452135916485858,10.0
Premier,2021,0.4884653927007972,0,2.2,-10.0,-15.54663832119875,15.54663832119875,10.0
Premier,2021,0.6555434076478418,1,1.61,6.100000000000001,13.856221578256333,22.715117341403822,10.0
Premier,2021,0.7145847650961391,1,1.5,5.0,17.96928691105215,35.9385738221043,10.0
Premier,2021,0.5012866742804848,1,2.25,12.5,31.973754282772717,25.579003426218172,10.0
Premier,2021,0.4701117085221065,1,2.25,12.5,14.437836043684872,11.550268834947897,10.0
Premier,2021,0.6263871129771107,0,2.0,-10.0,-50.0,50.0,10.0
Premier,2021,0.5145635634041046,0,2.2,-10.0,-27.50829989354793,27.50829989354793,10.0
Premier,2021,0.5816653793461849,1,2.25,12.5,62.5,50.0,10.0
Premier,2021,0.5811750313674281,1,1.85,8.5,18.793452007435484,22.109943538159392,10.0
Premier,2021,0.5995299376570175,0,2.3,-10.0,-50.0,50.0,10.0
Premier,2021,0.5669885586314947,1,2.4,14.0,70.0,50.0,10.0
Premier,2021,0.5108049498204746,0,2.1,-10.0,-16.520544232499287,16.520544232499287,10.0
Premier,2021,0.6056451262205433,1,2.15,11.5,57.49999999999999,50.0,10.0
Premier,2021,0.5722065217185847,0,1.95,-10.0,-30.474399302957934,30.474399302957934,10.0
Premier,2021,0.47975939865403805,1,2.37,13.700000000000001,34.25744370251754,25.005433359501854,10.0
Premier,2021,0.45448163814369963,0,2.4,-10.0,-16.20641634729985,16.20641634729985,10.0
Premier,2021,0.5199108121736448,1,2.05,10.499999999999998,16.454291238992948,15.670753560945668,10.0
Premier,2021,0.5412930184598617,1,1.95,9.5,13.880346499182574,14.61089105177113,10.0
Premier,2021,0.6243155459738438,0,2.05,-10.0,-50.0,50.0,10.0
Premier,2021,0.5092705491988507,0,2.45,-10.0,-42.709111299514554,42.709111299514554,10.0
Premier,2022,0.6182021468401006,0,2.0,-10.0,-50.0,50.0,10.0
Premier,2022,0.534323844220631,0,2.3,-10.0,-44.027854174509834,44.027854174509834,10.0
Premier,2022,0.4901848996387357,0,2.15,-10.0,-11.716855265930805,11.716855265930805,10.0
Premier,2022,0.508383295450887,1,2.1,11.0,16.90123011171568,15.364754647014255,10.0
Premier,2022,0.5885791042990265,1,1.85,8.5,22.217835738299772,26.13863028035267,10.0
Premier,2022,0.7918247371180511,1,1.4,3.999999999999999,19.999999999999996,50.0,10.0
Premier,2022,0.4429388781011874,1,2.45,14.500000000000002,21.30006283697733,14.689698508260225,10.0
Premier,2022,0.5325863506880587,1,2.1,11.0,29.607834111230858,26.916212828391686,10.0
Premier,2022,0.4721200328423123,0,2.25,-10.0,-12.454014779040534,12.454014779040534,10.0
Premier,2022,0.5298221389118504,0,2.2,-10.0,-34.50181366793143,34.50181366793143,10.0
Premier,2022,0.6307023789108457,0,2.25,-10.0,-50.0,50.0,10.0
Premier,2022,0.5971287484720852,0,1.8,-10.0,-23.3849210155479,23.3849210155479,10.0
Premier,2022,0.5918254356833331,0,1.85,-10.0,-27.905016474754788,27.905016474754788,10.0
Premier,2022,0.7522244356979685,1,1.45,4.5,22.499999999999996,50.0,10.0
Premier,2022,0.4926388311609315,1,2.38,13.799999999999999,43.12010454075421,31.246452565763924,10.0
Premier,2022,0.7187044644612864,0,1.5,-10.0,-39.0283483459648,39.0283483459648,10.0
Premier,2022,0.6499416838331116,1,1.65,6.499999999999999,18.10094458115852,27.847607047936187,10.0
Premier,2022,0.5255289342459576,0,2.05,-10.0,-18.412932191479282,18.412932191479282,10.0
Premier,2022,0.4937418450445152,1,2.38,13.799999999999999,43.77639780148651,31.72202739238153,10.0
Premier,2022,0.44452704898276024,1,2.45,14.500000000000002,22.272817501940658,15.36056379444183,10.0
Premier,2022,0.5892070582826431,1,1.85,8.5,22.508264455722458,26.48031112437936,10.0
Premier,2022,0.5148894789750739,1,2.1,11.0,20.31697646191377,18.46997860173979,10.0
Premier,2022,0.4428005376387936,0,2.45,-10.0,-14.631261588800779,14.631261588800779,10.0
Premier,2022,0.4845137629790674,1,2.4,14.0,40.70825778744042,29.07732699102887,10.0
Premier,2022,0.6334388122582248,0,1.75,-10.0,-36.17264048396448,36.17264048396448,10.0
Premier,2022,0.5609286093395899,1,2.0,10.0,30.464304669794938,30.464304669794938,10.0
Premier,2023,0.6891556969884635,1,1.67,6.699999999999999,33.5,50.0,10.0
Premier,2023,0.5661203249274921,0,2.15,-10.0,-47.208412737849535,47.208412737849535,10.0
Premier,2023,0.6503269790381362,0,2.15,-10.0,-50.0,50.0,10.0
Premier,2023,0.802663145405269,1,1.4,3.999999999999999,19.999999999999996,50.0,10.0
Premier,2023,0.6357494461038734,0,2.0,-10.0,-50.0,50.0,10.0
Premier,2023,0.47014195272489595,0,2.45,-10.0,-26.180652444137085,26.180652444137085,10.0
Premier,2023,0.5322409778088312,0,2.3,-10.0,-43.106586338521474,43.106586338521474,10.0
Premier,2023,0.6585119970410189,1,1.67,6.699999999999999,24.928758764625417,37.20710263376928,10.0
Premier,2023,0.4394921493590464,0,2.4,-10.0,-9.782349725305586,9.782349725305586,10.0
Premier,2023,0.5517804034370182,0,2.15,-10.0,-40.50605812817151,40.50605812817151,10.0
Premier,2023,0.48561704436017267,0,2.38,-10.0,-28.218943039349814,28.218943039349814,10.0
Premier,2023,0.4895103272284824,0,2.38,-10.0,-29.897568623874662,29.897568623874662,10.0
Premier,2024,0.4947297447994363,0,2.35,-10.0,-30.113870421976927,30.113870421976927,10.0
Premier,2024,0.5542558029183012,0,2.2,-10.0,-45.70057633755476,45.70057633755476,10.0
Premier,2024,0.4947297447994363,1,2.3,12.999999999999998,34.46960325967585,26.51507943051989,10.0
Premier,2024,0.7852193397539309,1,1.4,3.999999999999999,19.999999999999996,50.0,10.0
Premier,2024,0.5190159489128617,0,2.15,-10.0,-25.192236991881018,25.192236991881018,10.0
Premier,2024,0.44656593996922966,0,2.45,-10.0,-16.221819469760803,16.221819469760803,10.0
Premier,2024,0.5473019278774122,1,2.1,11.0,37.3335121356414,33.93955648694672,10.0
Premier,2024,0.8391106105006224,1,1.44,4.3999999999999995,21.999999999999996,50.0,10.0
Premier,2024,0.7440974372873371,0,1.42,-10.0,-33.701405326201574,33.701405326201574,10.0
Premier,2024,0.7278832163827008,1,1.57,5.700000000000001,28.500000000000004,50.0,10.0
Premier,2024,0.486365263184446,0,2.3,-10.0,-22.815404870043395,22.815404870043395,10.0
Premier,2024,0.7243496638003561,0,1.8,-10.0,-50.0,50.0,10.0
Premier,2024,0.48854895672602816,1,2.2,12.000000000000002,18.70192619931549,15.584938499429573,10.0
Premier,2024,0.4650423077594066,0,2.35,-10.0,-17.194337636038064,17.194337636038064,10.0
Premier,2024,0.5569930451364465,1,2.0,10.0,28.49652256822327,28.49652256822327,10.0
Premier,2024,0.5467540159007205,0,1.95,-10.0,-17.41324500168553,17.41324500168553,10.0
Premier,2024,0.7239074549304716,0,1.67,-10.0,-50.0,50.0,10.0
Premier,2024,0.4963735196652626,1,2.3,12.999999999999998,35.414773807526004,27.24213369809693,10.0
Premier,2024,0.6557466309372123,0,1.75,-10.0,-49.18553471337383,49.18553471337383,10.0
Premier,2024,0.46877159909794636,1,2.35,13.5,25.40331447004351,18.817269977810007,10.0
Premier,2024,0.8217540408164163,0,1.6,-10.0,-50.0,50.0,10.0
Premier,2024,0.4991960180289152,0,2.45,-10.0,-38.45349037428315,38.45349037428315,10.0
Premier,2024,0.45816255644618714,1,2.3,12.999999999999998,13.443469956557598,10.341130735813538,10.0
Premier,2024,0.7423418146285267,0,2.05,-10.0,-50.0,50.0,10.0
Premier,2024,0.5183345880066653,0,2.1,-10.0,-20.114235184999366,20.114235184999366,10.0
Premier,2024,0.508710399389647,0,2.25,-10.0,-28.919679725341172,28.919679725341172,10.0
Premier,2024,0.5294350946480249,1,2.1,11.0,27.953424690213055,25.41220426383005,10.0
Premier,2024,0.45792934975267147,1,2.3,12.999999999999998,13.309376107786097,10.237981621373923,10.0
Premier,2024,0.4842995446813594,1,2.25,12.5,22.418493883264667,17.934795106611734,10.0
Premier,2024,0.6855117950335671,1,1.55,5.5,15.635820575507276,28.4287646827405,10.0
Bundesliga,2015,0.5809129367034881,0,2.0,-10.0,-40.45646835174404,40.45646835174404,10.0
Bundesliga,2015,0.7417808591383257,1,1.44,4.3999999999999995,17.04110928979724,38.72979384044828,10.0
Bundesliga,2015,0.6641685678187419,0,1.83,-10.0,-50.0,50.0,10.0
Bundesliga,2015,0.6226214963502167,1,2.0,10.0,50.0,50.0,10.0
Bundesliga,2015,0.5532212823822675,0,2.3,-10.0,-50.0,50.0,10.0
Bundesliga,2015,0.5132352527956335,0,2.45,-10.0,-44.38385678436244,44.38385678436244,10.0
Bundesliga,2015,0.44773598426743316,0,2.4,-10.0,-13.31542182889992,13.31542182889992,10.0
Bundesliga,2015,0.7369864535950312,1,1.57,5.700000000000001,28.500000000000004,50.0,10.0
Bundesliga,2015,0.6596175905059976,0,1.62,-10.0,-27.653426056337135,27.653426056337135,10.0
Bundesliga,2015,0.5780079448008061,0,2.15,-10.0,-50.0,50.0,10.0
Bundesliga,2015,0.713793626841792,1,1.57,5.700000000000001,28.500000000000004,50.0,10.0
Bundesliga,2015,0.5195510381034724,0,2.25,-10.0,-33.797967146562556,33.797967146562556,10.0
Bundesliga,2015,0.5546382764645346,0,2.2,-10.0,-45.8758767129117,45.8758767129117,10.0
Bundesliga,2015,0.5967593105504443,1,2.15,11.5,57.49999999999999,50.0,10.0
Bundesliga,2015,0.4957127759206596,0,2.2,-10.0,-18.86835563030232,18.86835563030232,10.0
Bundesliga,2015,0.5242964439764243,0,2.15,-10.0,-27.66029446724178,27.66029446724178,10.0
Bundesliga,2015,0.6320059351591909,0,1.67,-10.0,-20.690265565615178,20.690265565615178,10.0
Bundesliga,2015,0.4890115152580438,1,2.45,14.500000000000002,49.519553095551835,34.15141592796678,10.0
Bundesliga,2015,0.5384595674297198,0,2.15,-10.0,-34.28001521171683,34.28001521171683,10.0
Bundesliga,2015,0.5267289290717954,1,2.05,10.499999999999998,19.94857614929507,18.998643951709596,10.0
Bundesliga,2015,0.5707449861613719,1,2.4,14.0,70.0,50.0,10.0
Bundesliga,2015,0.432551364031925,1,2.45,14.500000000000002,14.937710469554112,10.301869289347662,10.0
Bundesliga,2015,0.5659455827567127,1,2.05,10.499999999999998,40.04711116281523,38.14010586934784,10.0
Bundesliga,2015,0.5364699250623273,1,2.0,10.0,18.234962531163635,18.234962531163635,10.0
Bundesliga,2015,0.4505398451379446,0,2.38,-10.0,-13.095078157302174,13.095078157302174,10.0
Bundesliga,2015,0.513449656286641,0,2.2,-10.0,-26.997759131377148,26.997759131377148,10.0
Bundesliga,2015,0.5120192408024486,0,2.1,-10.0,-17.100092201168664,17.100092201168664,10.0
Bundesliga,2015,0.467408517193813,0,2.45,-10.0,-25.02601157324859,25.02601157324859,10.0
Bundesliga,2016,0.48028084222191575,1,2.3,12.999999999999998,26.16148427760151,20.124218675078087,10.0
Bundesliga,2016,0.45127427665516584,0,2.38,-10.0,-13.411735224509906,13.411735224509906,10.0
Bundesliga,2016,0.48570322895590073,1,2.3,12.999999999999998,29.279356649642875,22.52258203818683,10.0
Bundesliga,2016,0.5367341407193563,0,2.1,-10.0,-28.895839888783716,28.895839888783716,10.0
Bundesliga,2016,0.48705196079511365,0,2.3,-10.0,-23.119136505531017,23.119136505531017,10.0
Bundesliga,2016,0.47585638476443987,1,2.3,12.999999999999998,23.617421239552904,18.16724710734839,10.0
Bundesliga,2016,0.5255193900403182,1,2.05,10.499999999999998,19.328687395663067,18.408273710155306,10.0
Bundesliga,2016,0.47486784694334405,0,2.4,-10.0,-24.943362975718856,24.943362975718856,10.0
Bundesliga,2016,0.44317327983822147,0,2.45,-10.0,-14.788713035110787,14.788713035110787,10.0
Bundesliga,2016,0.512620616578452,1,2.1,11.0,19.125823703687317,17.387112457897558,10.0
Bundesliga,2016,0.5388978147679752,1,2.25,12.5,53.13002080698603,42.50401664558883,10.0
Bundesliga,2016,0.440035962189107,0,2.4,-10.0,-10.015412366760147,10.015412366760147,10.0
Bundesliga,2016,0.5648818859459616,1,2.1,11.0,46.56299012162984,42.32999101966349,10.0
Bundesliga,2016,0.48468060585797695,0,2.2,-10.0,-13.811944351572778,13.811944351572778,10.0
Bundesliga,2016,0.5317298103928811,1,2.0,10.0,15.86490519644057,15.86490519644057,10.0
Bundesliga,2016,0.5547887049598339,1,2.0,10.0,27.39435247991695,27.39435247991695,10.0
Bundesliga,2016,0.5411135341289923,1,2.1,11.0,34.08460541772096,30.98600492520087,10.0
Bundesliga,2016,0.5411135341289923,0,2.4,-10.0,-50.0,50.0,10.0
Bundesliga,2016,0.5198660051128244,0,2.3,-10.0,-37.63304072298003,37.63304072298003,10.0
Bundesliga,2016,0.7158438241863063,0,1.55,-10.0,-49.79905794944309,49.79905794944309,10.0
Bundesliga,2016,0.5097491754715601,1,2.2,12.000000000000002,30.362046509358088,25.30170542446507,10.0
Bundesliga,2016,0.510121821370098,1,2.15,11.5,24.190478986427678,21.035199118632764,10.0
Bundesliga,2016,0.5321827484602443,1,2.05,10.499999999999998,22.743658585875185,21.660627224643036,10.0
Bundesliga,2016,0.7527982222255063,0,1.5,-10.0,-50.0,50.0,10.0
Bundesliga,2016,0.5247154182331757,1,2.05,10.499999999999998,18.91665184450253,18.015858899526222,10.0
Bundesliga,2016,0.657421392159098,1,1.67,6.699999999999999,24.473431226423425,36.527509293169295,10.0
Bundesliga,2016,0.5303838418540177,0,2.05,-10.0,-20.78258947636575,20.78258947636575,10.0
Bundesliga,2016,0.551080243955319,1,2.3,12.999999999999998,64.99999999999999,50.0,10.0
Bundesliga,2016,0.446208128395313,1,2.45,14.500000000000002,23.302478642129195,16.07067492560634,10.0
Bundesliga,2016,0.45799268976802304,0,2.4,-10.0,-17.711152757724143,17.711152757724143,10.0
Bundesliga,2016,0.5312598159719698,1,2.38,13.799999999999999,66.09959050332203,47.89825398791452,10.0
Bundesliga,2016,0.5700865305343613,1,2.15,11.5,56.421510162219185,49.06218274975582,10.0
Bundesliga,2016,0.4610411602671607,1,2.38,13.799999999999999,24.31949035896058,17.622819100696073,10.0
Bundesliga,2016,0.471569309011361,0,2.25,-10.0,-12.206189055112437,12.206189055112437,10.0
Bundesliga,2016,0.5364046348548029,1,2.35,13.5,65.13772297719672,48.25016516829386,10.0
Bundesliga,2016,0.4553211641583532,1,2.38,13.799999999999999,20.916092674220177,15.156588894362448,10.0
Bundesliga,2016,0.5705438551146401,1,2.0,10.0,35.27192755732006,35.27192755732006,10.0
Bundesliga,2016,0.5785744509628871,1,2.25,12.5,62.5,50.0,10.0
Bundesliga,2016,0.532727254557665,0,2.1,-10.0,-26.983462402521948,26.983462402521948,10.0
Bundesliga,2016,0.7222223521881258,1,1.5,5.0,20.83338207054719,41.66676414109438,10.0
Bundesliga,2016,0.5309235906370159,0,2.05,-10.0,-21.04603828711487,21.04603828711487,10.0
Bundesliga,2016,0.5269127718146156,0,2.38,-10.0,-46.023984949055276,46.023984949055276,10.0
Bundesliga,2017,0.4630556568965201,0,2.45,-10.0,-23.187303344219732,23.187303344219732,10.0
Bundesliga,2017,0.6334150327665012,0,1.67,-10.0,-21.568322656737735,21.568322656737735,10.0
Bundesliga,2017,0.57178073098715,1,2.2,12.000000000000002,60.00000000000001,50.0,10.0
Bundesliga,2017,0.537795807288591,0,2.3,-10.0,-45.56353014687679,45.56353014687679,10.0
Bundesliga,2017,0.55549404624344,0,2.1,-10.0,-37.84943116164184,37.84943116164184,10.0
Bundesliga,2017,0.5505822769348374,0,2.45,-10.0,-50.0,50.0,10.0
Bundesliga,2017,0.678160748364268,0,2.04,-10.0,-50.0,50.0,10.0
Bundesliga,2017,0.48792224921491273,0,2.2,-10.0,-15.29769755683502,15.29769755683502,10.0
Bundesliga,2017,0.49238205988904826,0,2.29,-10.0,-24.719945183317922,24.719945183317922,10.0
Bundesliga,2017,0.4850998552153282,0,2.29,-10.0,-21.488114039360767,21.488114039360767,10.0
Bundesliga,2017,0.4906549705074834,1,2.29,12.9,30.899970615534233,23.95346559343739,10.0
Bundesliga,2017,0.6667087172770977,0,2.25,-10.0,-50.0,50.0,10.0
Bundesliga,2017,0.48002499451954495,0,2.25,-10.0,-16.011247533795235,16.011247533795235,10.0
Bundesliga,2017,0.5738320828367057,0,2.0,-10.0,-36.91604141835286,36.91604141835286,10.0
Bundesliga,2017,0.528461736977678,0,2.04,-10.0,-18.764890248669026,18.764890248669026,10.0
Bundesliga,2017,0.4379591368776931,0,2.45,-10.0,-12.586187129370375,12.586187129370375,10.0
Bundesliga,2017,0.8225742303730458,1,1.44,4.3999999999999995,21.999999999999996,50.0,10.0
Bundesliga,2017,0.6624725959220885,1,2.37,13.700000000000001,68.5,50.0,10.0
Bundesliga,2017,0.5876528217844907,1,2.29,12.9,64.5,50.0,10.0
Bundesliga,2017,0.5420972363727296,0,2.04,-10.0,-25.451529375088526,25.451529375088526,10.0
Bundesliga,2017,0.5451055933127172,0,2.2,-10.0,-41.50673026832876,41.50673026832876,10.0
Bundesliga,2017,0.5321158813446072,1,2.29,12.9,54.636342069787624,42.353753542471026,10.0
Bundesliga,2017,0.5089013891595466,1,2.2,12.000000000000002,29.895764037750684,24.913136698125566,10.0
Bundesliga,2018,0.5606934887418643,1,2.04,10.4,35.953679258350796,34.57084544072192,10.0
Bundesliga,2018,0.4541203585304787,0,2.37,-10.0,-13.917016371758155,13.917016371758155,10.0
Bundesliga,2018,0.4943211329048072,0,2.4,-10.0,-33.28048553063167,33.28048553063167,10.0
Bundesliga,2018,0.45840811954270294,1,2.37,13.700000000000001,21.606810829051526,15.771394765731038,10.0
Bundesliga,2018,0.4950213300547219,1,2.37,13.700000000000001,43.300138057422714,31.60594018789979,10.0
Bundesliga,2018,0.56898220038875,0,2.04,-10.0,-38.63550211371396,38.63550211371396,10.0
Bundesliga,2018,0.5873091789680097,0,2.04,-10.0,-47.622770455466295,47.622770455466295,10.0
Bundesliga,2018,0.5418426911837503,0,2.3,-10.0,-47.35349802358184,47.35349802358184,10.0
Bundesliga,2018,0.5520200718641498,0,2.1,-10.0,-36.191397935162406,36.191397935162406,10.0
Bundesliga,2018,0.46249099625041046,0,2.4,-10.0,-19.63899839303305,19.63899839303305,10.0
Bundesliga,2018,0.5722401035126893,1,2.2,12.000000000000002,60.00000000000001,50.0,10.0
Bundesliga,2018,0.5107474027665043,1,2.45,14.500000000000002,62.8327841944839,43.332954616885445,10.0
Bundesliga,2018,0.5217314913073737,1,2.4,14.0,63.03889478442421,45.02778198887444,10.0
Bundesliga,2018,0.5419159931367953,0,2.3,-10.0,-47.385920041274844,47.385920041274844,10.0
Bundesliga,2018,0.5311971512936656,0,2.4,-10.0,-49.08449341157097,49.08449341157097,10.0
Bundesliga,2018,0.49785270992087227,0,2.3,-10.0,-27.896390926539638,27.896390926539638,10.0
Bundesliga,2018,0.46622405875015005,0,2.4,-10.0,-21.238882321492863,21.238882321492863,10.0
Bundesliga,2018,0.7186908653856666,0,1.66,-10.0,-50.0,50.0,10.0
Bundesliga,2018,0.5135725201316178,0,2.4,-10.0,-41.531080056407625,41.531080056407625,10.0
Bundesliga,2018,0.4594893076964753,0,2.3,-10.0,-10.927963019594817,10.927963019594817,10.0
Bundesliga,2018,0.4652592504980319,1,2.37,13.700000000000001,25.66610592008389,18.734383883272912,10.0
Bundesliga,2018,0.6781318283435712,0,2.15,-10.0,-50.0,50.0,10.0
Bundesliga,2018,0.47997582388576143,1,2.37,13.700000000000001,34.38567565231365,25.099033322856677,10.0
Bundesliga,2018,0.5717788897125262,0,2.3,-10.0,-50.0,50.0,10.0
Bundesliga,2018,0.6985565640761017,1,1.57,5.700000000000001,24.183451399869934,42.42710771907006,10.0
Bundesliga,2018,0.54678993122951,1,2.05,10.499999999999998,30.229839755123887,28.79032357630847,10.0
Bundesliga,2019,0.5259019195521936,0,2.0,-10.0,-12.950959776096783,12.950959776096783,10.0
Bundesliga,2019,0.5076689836306373,0,2.37,-10.0,-37.07581956288511,37.07581956288511,10.0
Bundesliga,2019,0.44679755020929646,0,2.37,-10.0,-10.750035400735873,10.750035400735873,10.0
Bundesliga,2019,0.4672732992422868,0,2.37,-10.0,-19.60542321244886,19.60542321244886,10.0
Bundesliga,2019,0.5522657769498189,0,2.25,-10.0,-48.51959962741849,48.51959962741849,10.0
Bundesliga,2019,0.5282631471406869,0,2.1,-10.0,-24.852865680782415,24.852865680782415,10.0
Bundesliga,2019,0.7567122996492537,1,1.53,5.300000000000001,26.5,50.0,10.0
Bundesliga,2019,0.47995066000295034,0,2.45,-10.0,-30.323985690901456,30.323985690901456,10.0
Bundesliga,2019,0.5054800346130089,0,2.15,-10.0,-18.86566835173245,18.86566835173245,10.0
Bundesliga,2019,0.6967337572688989,0,1.53,-10.0,-31.133324821422338,31.133324821422338,10.0
Bundesliga,2019,0.5792870217623635,0,2.1,-10.0,-49.20516947749168,49.20516947749168,10.0
Bundesliga,2019,0.43924110391954563,0,2.4,-10.0,-9.674758822662398,9.674758822662398,10.0
Bundesliga,2019,0.7787022015594679,0,1.4,-10.0,-50.0,50.0,10.0
Bundesliga,2019,0.48591118136926953,0,2.37,-10.0,-27.66596712503082,27.66596712503082,10.0
Bundesliga,2019,0.5100858805217795,0,2.4,-10.0,-40.036805937905505,40.036805937905505,10.0
Bundesliga,2019,0.480755437512644,0,2.2,-10.0,-12.012908859961867,12.012908859961867,10.0
Bundesliga,2019,0.603342863025084,0,2.1,-10.0,-50.0,50.0,10.0
Bundesliga,2019,0.4748615231940733,1,2.3,12.999999999999998,23.04537583659216,17.727212181993973,10.0
Bundesliga,2019,0.5601875882880581,0,2.3,-10.0,-50.0,50.0,10.0
Bundesliga,2019,0.570089145343542,0,2.0,-10.0,-35.04457267177102,35.04457267177102,10.0
Bundesliga,2019,0.5001907072190976,0,2.25,-10.0,-25.085818248593927,25.085818248593927,10.0
Bundesliga,2019,0.55138161121534,1,2.1,11.0,39.47534588805352,35.88667808004865,10.0
Bundesliga,2019,0.6322048224642556,0,2.25,-10.0,-50.0,50.0,10.0
Bundesliga,2020,0.4510567329930128,1,2.37,13.700000000000001,17.25111429836007,12.592054232379612,10.0
Bundesliga,2020,0.4738259769939573,0,2.25,-10.0,-13.221689647280765,13.221689647280765,10.0
Bundesliga,2020,0.4498942362754012,0,2.37,-10.0,-12.089295615456365,12.089295615456365,10.0
Bundesliga,2020,0.5165312880630563,1,2.2,12.000000000000002,34.09220843468097,28.410173695567472,10.0
Bundesliga,2020,0.5241981567690986,1,2.3,12.999999999999998,51.413940142231716,39.54918472479363,10.0
Bundesliga,2020,0.4548548543435323,0,2.37,-10.0,-14.234672407695532,14.234672407695532,10.0
Bundesliga,2020,0.44775523837327064,0,2.37,-10.0,-11.164218055593334,11.164218055593334,10.0
Bundesliga,2020,0.48618476426349716,1,2.25,12.5,23.478929898217153,18.78314391857372,10.0
Bundesliga,2020,0.48595988200192713,0,2.35,-10.0,-26.297356056394225,26.297356056394225,10.0
Bundesliga,2020,0.5592047102863579,0,2.05,-10.0,-34.84991811596038,34.84991811596038,10.0
Bundesliga,2020,0.5071216752394595,1,2.25,12.5,35.25594232219598,28.20475385775678,10.0
Bundesliga,2020,0.5330283116130161,0,2.37,-10.0,-48.04326615380443,48.04326615380443,10.0
Bundesliga,2020,0.44726798798372175,0,2.4,-10.0,-13.114851993023615,13.114851993023615,10.0
Bundesliga,2020,0.4470520391638481,0,2.37,-10.0,-10.860097229620468,10.860097229620468,10.0
Bundesliga,2020,0.5018036745728865,0,2.4,-10.0,-36.48728910266567,36.48728910266567,10.0
Bundesliga,2020,0.4598833115537293,1,2.37,13.700000000000001,22.48086209558464,16.409388390937693,10.0
Bundesliga,2020,0.4445379051267633,0,2.45,-10.0,-15.365149579408648,15.365149579408648,10.0
Bundesliga,2020,0.7005924053856898,1,1.61,6.100000000000001,30.500000000000004,50.0,10.0
Bundesliga,2020,0.5046097346218983,1,2.2,12.000000000000002,27.535354042044098,22.94612836837008,10.0
Bundesliga,2020,0.4411581318251982,0,2.45,-10.0,-13.937486719264772,13.937486719264772,10.0
Bundesliga,2020,0.4436713929215899,1,2.45,14.500000000000002,21.748728164473818,14.999122872050908,10.0
Bundesliga,2020,0.5763787837513573,0,2.1,-10.0,-47.817146790420516,47.817146790420516,10.0
Bundesliga,2020,0.5046097346218983,0,2.37,-10.0,-35.752750192317315,35.752750192317315,10.0
Bundesliga,2021,0.677116220015955,1,1.66,6.6,31.00323130662131,46.97459288882017,10.0
Bundesliga,2021,0.48524480463572583,0,2.2,-10.0,-14.070535458041014,14.070535458041014,10.0
Bundesliga,2021,0.5289755534768817,0,2.1,-10.0,-25.192877795784486,25.192877795784486,10.0
Bundesliga,2021,0.4793175846400029,0,2.37,-10.0,-24.814356860731202,24.814356860731202,10.0
Bundesliga,2021,0.47478906914409985,0,2.25,-10.0,-13.655081114844947,13.655081114844947,10.0
Bundesliga,2021,0.7636973081494839,1,1.45,4.5,22.499999999999996,50.0,10.0
Bundesliga,2021,0.5441970487751732,0,2.1,-10.0,-32.45768236996904,32.45768236996904,10.0
Bundesliga,2021,0.4515692585684922,0,2.4,-10.0,-14.958253672210931,14.958253672210931,10.0
Bundesliga,2021,0.5096949974445995,1,2.25,12.5,36.703436062587194,29.362748850069753,10.0
Bundesliga,2021,0.48211114730555776,1,2.3,12.999999999999998,27.21390970069571,20.933776692842855,10.0
Bundesliga,2021,0.6659144662667799,0,1.61,-10.0,-29.558315856358842,29.558315856358842,10.0
Bundesliga,2021,0.8328940900285772,0,1.4,-10.0,-50.0,50.0,10.0
Bundesliga,2021,0.47387887071766643,1,2.25,12.5,16.55686477868734,13.245491822949873,10.0
Bundesliga,2021,0.81526189168709,0,1.44,-10.0,-50.0,50.0,10.0
Bundesliga,2021,0.4775674214952519,1,2.45,14.500000000000002,42.51004566584182,29.317272872994355,10.0
Bundesliga,2021,0.5692529048622047,0,2.05,-10.0,-39.75439403988559,39.75439403988559,10.0
Bundesliga,2021,0.526936700681607,1,2.15,11.5,33.22847661636374,28.894327492490216,10.0
Bundesliga,2021,0.5648939805803885,1,2.4,14.0,70.0,50.0,10.0
Bundesliga,2021,0.606308605680484,1,2.0,10.0,50.0,50.0,10.0
Bundesliga,2022,0.47890956621708264,0,2.2,-10.0,-11.166884516162904,11.166884516162904,10.0
Bundesliga,2022,0.662869729951994,1,1.61,6.100000000000001,16.80506630567763,27.54928902570103,10.0
Bundesliga,2022,0.5311276527150884,0,2.2,-10.0,-35.10017416108221,35.10017416108221,10.0
Bundesliga,2022,0.49212775052628027,0,2.45,-10.0,-35.46775668782529,35.46775668782529,10.0
Bundesliga,2022,0.4848835526656734,1,2.25,12.5,22.746998374441276,18.19759869955302,10.0
Bundesliga,2022,0.46730883668774054,0,2.37,-10.0,-19.62079250911409,19.62079250911409,10.0
Bundesliga,2022,0.4722242832121459,1,2.25,12.5,15.626159306832033,12.500927445465626,10.0
Bundesliga,2022,0.5117584323687469,1,2.4,14.0,57.05505942124812,40.75361387232009,10.0
Bundesliga,2022,0.5611355589896568,1,2.15,11.5,51.61036295694055,44.87857648429613,10.0
Bundesliga,2022,0.6603961017940598,1,1.65,6.499999999999999,22.413391990049657,34.482141523153324,10.0
Bundesliga,2022,0.6633656259941763,1,1.9,9.0,44.99999999999999,50.0,10.0
Bundesliga,2022,0.6025499684410347,0,1.85,-10.0,-33.740424004680655,33.740424004680655,10.0
Bundesliga,2022,0.4363551696433112,0,2.45,-10.0,-11.908649245881476,11.908649245881476,10.0
Bundesliga,2022,0.7288607126216397,0,1.53,-10.0,-50.0,50.0,10.0
Bundesliga,2022,0.6548438251452927,0,1.95,-10.0,-50.0,50.0,10.0
Bundesliga,2022,0.6155929153482013,1,1.8,8.0,27.016811906690585,33.77101488336323,10.0
Bundesliga,2022,0.43618828429099543,1,2.45,14.500000000000002,17.165324128234737,11.83815457119637,10.0
Bundesliga,2022,0.4682407546812836,0,2.3,-10.0,-14.79879533979852,14.79879533979852,10.0
Bundesliga,2022,0.7501466065729964,1,1.45,4.5,21.928144882711162,48.72921085046926,10.0
Bundesliga,2022,0.5658906003015997,1,2.05,10.499999999999998,40.018932654569795,38.11326919482838,10.0
Bundesliga,2022,0.6614818936586161,1,1.62,6.200000000000001,17.900166931739516,28.87123698667663,10.0
Bundesliga,2022,0.49456271831554793,1,2.2,12.000000000000002,22.00949507355138,18.341245894626148,10.0
Bundesliga,2023,0.5521863785504771,0,2.1,-10.0,-36.27077158090953,36.27077158090953,10.0
Bundesliga,2023,0.6731455101032644,1,1.65,6.499999999999999,27.67252291759653,42.57311218091775,10.0
Bundesliga,2023,0.5553561774853942,0,2.05,-10.0,-32.971467582156706,32.971467582156706,10.0
Bundesliga,2023,0.7304914656320843,1,1.44,4.3999999999999995,12.976927627550372,29.493017335341758,10.0
Bundesliga,2023,0.46142977537109253,1,2.3,12.999999999999998,15.322120838378193,11.786246798752458,10.0
Bundesliga,2023,0.4792782137319295,0,2.45,-10.0,-30.039935110901297,30.039935110901297,10.0
Bundesliga,2023,0.5463985854169636,1,2.05,10.499999999999998,30.029275026193847,28.59930954875605,10.0
Bundesliga,2023,0.6349740822137637,0,1.91,-10.0,-50.0,50.0,10.0
Bundesliga,2023,0.7282346125206102,0,1.55,-10.0,-50.0,50.0,10.0
Bundesliga,2023,0.5116013135354208,0,2.4,-10.0,-40.68627722946607,40.68627722946607,10.0
Bundesliga,2023,0.5655799149973915,1,2.15,11.5,53.9992043110979,46.955829835737305,10.0
Bundesliga,2023,0.6656128173896761,1,1.62,6.200000000000001,19.57319104281885,31.569662972288462,10.0
Bundesliga,2023,0.530284871822299,0,2.1,-10.0,-25.81777973336999,25.81777973336999,10.0
Bundesliga,2023,0.4524831004926326,0,2.4,-10.0,-15.349900211128238,15.349900211128238,10.0
Bundesliga,2023,0.6368845760659143,0,1.65,-10.0,-19.56136558029176,19.56136558029176,10.0
Bundesliga,2023,0.4837341583734253,0,2.25,-10.0,-17.680371268041384,17.680371268041384,10.0
Bundesliga,2023,0.6675193108839839,0,1.62,-10.0,-32.81503372260241,32.81503372260241,10.0
Bundesliga,2023,0.5165242000927832,0,2.25,-10.0,-32.43589004175247,32.43589004175247,10.0
Bundesliga,2023,0.46571736407228764,0,2.3,-10.0,-13.682680262742581,13.682680262742581,10.0
Bundesliga,2023,0.4923931234733469,1,2.3,12.999999999999998,33.126045997174444,25.481573843980346,10.0
Bundesliga,2023,0.45834514797890863,1,2.38,13.799999999999999,22.71536304745064,16.460408005399017,10.0
Bundesliga,2024,0.7192178066833131,0,1.48,-10.0,-33.5637259850539,33.5637259850539,10.0
Bundesliga,2024,0.7078829138146275,1,2.1,11.0,55.00000000000001,50.0,10.0
Bundesliga,2024,0.6444013576599832,0,1.9,-10.0,-50.0,50.0,10.0
Bundesliga,2024,0.4984790478515566,1,2.2,12.000000000000002,24.163476318356132,20.136230265296774,10.0
Bundesliga,2024,0.455189460576771,0,2.45,-10.0,-19.86451351949812,19.86451351949812,10.0
Bundesliga,2024,0.4882300096330637,1,2.2,12.000000000000002,18.52650529818506,15.438754415154214,10.0
Bundesliga,2024,0.7834598645432638,0,1.44,-10.0,-50.0,50.0,10.0
Bundesliga,2024,0.5375732759981838,1,2.05,10.499999999999998,25.506303949069164,24.29171804673254,10.0
Bundesliga,2024,0.4575233527421407,1,2.3,12.999999999999998,13.075927826730892,10.058406020562225,10.0
Bundesliga,2024,0.6235102922025959,0,1.8,-10.0,-38.2245393639602,38.2245393639602,10.0
Bundesliga,2024,0.7058954649847338,1,1.83,8.3,41.5,50.0,10.0
Bundesliga,2024,0.547033711716082,1,2.38,13.799999999999999,69.0,50.0,10.0
Bundesliga,2024,0.5539487888607285,0,2.0,-10.0,-26.974394430364256,26.974394430364256,10.0
Bundesliga,2024,0.5439228085102289,0,2.0,-10.0,-21.96140425511445,21.96140425511445,10.0
Bundesliga,2024,0.49927178630515856,0,2.25,-10.0,-24.67230383732133,24.67230383732133,10.0
Bundesliga,2024,0.5801123543158845,0,2.0,-10.0,-40.056177157942244,40.056177157942244,10.0
Bundesliga,2024,0.5019662863227615,0,2.1,-10.0,-12.302091199499815,12.302091199499815,10.0
Bundesliga,2025,0.6151359834154855,0,1.75,-10.0,-25.49599032569986,25.49599032569986,10.0
Bundesliga,2025,0.803966069979764,0,1.53,-10.0,-50.0,50.0,10.0
Bundesliga,2025,0.6985680576860308,0,1.57,-10.0,-42.43502217853875,42.43502217853875,10.0
Bundesliga,2025,0.5936456451607132,0,2.25,-10.0,-50.0,50.0,10.0
Bundesliga,2025,0.47778231290633255,1,2.35,13.5,30.697108832470402,22.73859913516326,10.0
Bundesliga,2025,0.5037570689351446,0,2.35,-10.0,-34.04242814770183,34.04242814770183,10.0
Bundesliga,2025,0.5062054679869693,1,2.15,11.5,22.08543904299598,19.2047296026052,10.0
Bundesliga,2025,0.5708256819440616,0,2.25,-10.0,-50.0,50.0,10.0
Bundesliga,2025,0.877617032173557,1,1.55,5.5,27.500000000000004,50.0,10.0
Bundesliga,2025,0.5038492503361868,1,2.15,11.5,20.81897205570038,18.103453961478593,10.0
Bundesliga,2025,0.845082916350036,1,1.62,6.200000000000001,31.000000000000007,50.0,10.0
Bundesliga,2025,0.7271009058648684,0,1.55,-10.0,-50.0,50.0,10.0
Bundesliga,2025,0.7656324861513264,1,1.45,4.5,22.499999999999996,50.0,10.0
Bundesliga,2025,0.7788760720238628,0,1.44,-10.0,-50.0,50.0,10.0
